익히다,Mematangkan
연습,Latihan
아기,Bayi
네모,Segi empat
사자,Singa
새우,Udang
타조,Burung onta
호수,Danau
동물원,Kebun Binatang
여우,Serigala
오이,Timun
까치,Gagak
뿌리,Akar
귀뚜라미,Belalang
찌개,Sup Kental
별,Bintang
꽃,Bunga
말,Kuda
닭,Ayam
마지막,Terakhir
강아지,Anak Anjing
손수건,Sapu Tangan
수업,Pelajaran
교실,Kelas
한국어,Bahasa Korea
선생님,Guru
학생,Murid
친구,Teman sekelas
칠판,Papan tulis
책상,Meja
의자,Kursi
책,Buku
공책,Buku tulis
연필,Pensil
볼펜,Bolpen
지우개,Penghapus
필통,Kotak pensil
시계,Jam
달력,Kalender
창문,Jendela
문,Pintu
책을 펴다,Membuka buku
책을 덮다,Menutup buku
보다,Lihat
듣다,Dengar
따라하다,Ikut
읽다,Baca
쓰다,Tulis
이야기하다,Bercerita
대답하세요,Jawab
괜찮다,Tidak apa – apa
축하하다,Selamat
사람,Orang
나라,Negara
미국,Amerika Serikat
일본,Jepang
호주,Australia
영국,Inggris
복한,Korea Utara
대만,Taiwan
인도,India
스파인,Spanyol
독일,Jerman
프란스,Perancis
직업,Pekerjaan
대학생,Maha Siswa
군인,Tentara
군대,Tentara
비서,Sekretaris
교사,Pengajar
선수,Atlet
대통령,Presiden
회사원,Karyawan
주부,IRT
목수,Tukang kayu
어부,Nelayan
기술자,Teknisi
회사원,Karyawan (PT)
공무원,Pegawai negeri
소방관,Pemadam
점원,Pelayan toko
경찰관,Polisi
운전기사,Supir
인사를 하다,Memberi salam
예절,Etika
동료,Rekan kerja
자신,Diri sendiri
어린,Anak - anak
친하다,Akrab
처음,Pertama kali
지위,Jabatan
높다,Tinggi
여기,Di sini
저기,Di situ
거기,Di sana
쪽,Arah
북,Utara
동,Timur
남,Selatan
서,Barat
북동,Timur Laut
남동,Tenggara
남서,Barat Daya
복서,Barat Laut
장소,Tempat
곳,Tempat
–실,Ruang
소,Ruang
주유소,Pom Bensin
샤워실,Kamar Mandi
학교,Sekolah
대학교,Universitas
가게,Toko
노점,Kedai
노점,Gerai
회사,Perusahaan
사무실,Kantor
화장실,Toilet
식당,Restoran
집,Rumah
기숙사,Asrama
세탁소,Laundry
미용실,Salon
시장,Pasar
마트,Swalayan
슈퍼마켓,Supermarket
편의점,Toko 24 jam
열쇠,Kunci
가방,Tas
지갑,Dompet
여권,Passport
우산,Payung
거울,Cermin
화장품,Kosmetik
빗,Sisir
베개,Bantal
침대,Ranjang/tempat tidur
커튼,Gorden
이불,Selimut
바닥,Lantai
앉다,Duduk
좌식,Gaya Hidup
발달하다,Berkembang
문화,Budaya
신발,Alas Kaki
벗다,Melepas
도구,Peralatan
린스,Conditioner
샴푸,Sampo
비누,Sabun
칫술,Sikat gigi
치약,Pasta gigi
수건,Handuk
면도기,Alat cukur
휴지,Tisu toilet
컵,Gelas
일어나다,Bangun tidur
씻다,Mencuci
아침을 먹다,Makan pagi
회사,Perusahaan
가다,Pergi
일하다,Bekerja
쉬다,Istirahat
점심을 먹다,Makan siang
집에 가다,Pulang
장을 보다,Belanja
요리하다,Memasak
저녁을먹다,Makan malam
커피를 마시다,Minum kopi
운동하다,Olahraga
텔레비전을 보다,Lihat TV
전화하다,Menelpon
자다,Tidur
지금,Sekarang
오늘,Hari ini
어제,Kemarin
내일,Besok
오전,Pagi
오후,Sore
몇,Berapa
쯤,Sekitar
반,Setengah
낮,Siang
밤,Malam
새벽,Dini hari
아침,Pagi
점심,Siang
빨간색,Merah
주황색,Orange
노란색,Kuning
초록색,Hijau
녹색,Hijau
파란색,Biru
남색,Biru tua
보라색,Ungu
횐색,Putih
하얀색,Putih
회색,Abu-abu
검전색,Hitam
검은색,Hitam
분홍색,Pink
연두색,Hijau Muda
밤색,Coklat
하늘색,Biru Langit
고등학교,SMA
작업고등 학교,SMK
중학교,SMP
초등학교,SD
유치원,TK
직장,Tempat Kerja
도착하다,Tiba
준비하다,Menyiapkan
시작,Mulai
보통,Biasanya
대부분,Mayoritas
야근,Lembur Kerja
경우,Dalam Kasus
정보,Informasi
높임말,Bhs. sopan
반말,Bhs. Kasar
별로,Sama Sekali
한편,Disisi Lain
오늘,Hari ini
내일,Besok
어제,Kemarin
평일,Hari Aktivitas
빨간날,Tgl merah
모레,Besok Lusa
그저께,Lusa Kemarin
아까,Tadi
날,Hari
요즘,Akhir ini
나중,Nanti dalam waktu lama
이따,Nanti
지난달,Bulan lalu
이번 달,Bulan ini
다음 달,Bulan depan
지난주,Minggu lalu
이번 주,Minggu ini
다음 주,Minggu depan
주중,Hari aktif
주말,Akhir pekan
작년,Tahun lalu
올해,Tahun ini
내년,Tahun depan
공원,Taman
커피숍,Cafe
서점,Toko buku
도서관,Perpustakaan
백화점,Mall
노래방,Tempat Karaoke
영화관,Bioskop
극장,Bioskop
노래하다,Beryanyi
게임하다,Bermain game
산책하다,Jalan – jalan
쇼핑하다,Berbelanja
책을 읽다,Membaca buku
영화를 보다,Nonton film
음식을 만들다,Membuat makanan
한국어를 공부하다,Belajar bahasa Korea
친구를 만나다,Bertemu teman
세면대,Perlengkapan kamar mandi
빨랫비누,Sabun cuci baju
세숫비누,Sabun cuci tangan
체력단력실,Tempat Fitnes
강당,Ruang Kuliah
당용도실,Ruang serbaguna
자료실,Tempat penyimpanan materi
고깃집,Toko menjual khusus daging
횟집,Toko menjual khusus ikan
찜질방,Ruang sauna
당구장,Tempat bilyard
취사,Memasak
개,Buah (satuan)
송이,Tangkai (satuan)
통,Kantong/Gelondong (satuan)
병,Botol (satuan)
잔,Gelas (satuan)
그릇,Mangkuk (satuan)
대,Unit Mesin
재,Unit Bangunan
장,Lembar (Kertas)
갑,Bungkus (Rokok)
권,Jilid (Buku)
자루,Batang (Pensil)
구루,Batang (Pohon)
포대,Karung
사과,Apel
포도,Anggur
수박,Semangka
물,Air
주스,Jus
우유,Susu
빵,Roti
라면,Mie
과자,Snack
초콜릿,Coklat
아이스크림,Es krim
벌,Setel (satuan)
컬레,Pasang (satuan)
대,Unit (satuan)
명,Satuan orang (biasa)
분,Satuan orang (Sopan)
마리,Ekor (satuan)
넣다,Memasukan
돈 (헌금),Uang
동전,Uang Koin
지폐,Uang kertas
신용카드,Kartu kredit
값 (가격),Harga
싸다,Murah
비싸다,Mahal
(값을) 깎다,Menawar
포장하다,Membungkus
환불하다,Menguangkan Kembali
바꾸다,Menukar
만들다,Membuat
전화하다,Menelepon
치마,Rok
바지,Celana
티셔츠,Kaos
잠바,Jaket
운동화,Sepatu olahraga
구두,Sepatu pantofel
슬리퍼,Sandal
장화,Sepatu boots
양말,Kaos kaki
장갑,Kaos tangan
목도리,Syal
모자,Topi
넥타이,Dasi
가방,Tas
안경,Kacamata
선글라스,Kacamata Hitam
봉지,Satuan kantong kresek
치수,Ukuran
건물,Bangunan
은행,Bank
있다,Ada
없다,Tidak ada
지하,Bawah tanah
층,Lantai
옥상,Atap
엘리베이터,Lift
계단,Tangga
이동,Perpindahan
내려가다,Turun (Meninggalkan)
내려오다,Turun (Mendatangi)
올라가다,Naik (Meninggalkan)
올라오다,Naik (Mendatangi)
나가다,Keluar (Meninggalkan)
나오다,Keluar (Mendatangi)
들어가다,Masuk (Meninggalkan)
들어오다,Masuk (Mendatangi)
돌아가다,Kembali (Meninggalkan)
돌아오다,Kembali (Mendatangi)
쪽,Arah
동,Timur
남,Selatan
서,Barat
복,Utara
빨리,Cepat
잠깐만,Sebentar
기다리다,Menunggu
자리,Tempat duduk
우체국,Kantor pos
근처,Sekitar
사거리,Perempatan
병원,Rumah sakit
약국,Apotik
위,Atas
아래,Bawah
밎,Bawah
앞,Depan
뒤,Belakang
안,Dalam
밖,Luar
오른쪽,Kanan
왼쪽,Kiri
건너편,Seberang
옆,Samping
사이,Diantara
가운데(중간),Tengah
육교,Jembatan Penyeberangan
이정표,Rambu jalan
신호등,Lampu lalu lintas
횐단보도,Zebra cross
길,Jalan
모퉁이,Ujung Jalan
도로,Jalan raya
골목,Gang
우회전,Belok kanan
좌회전,Belok kiri
똑바로,Lurus
유턴,Memutar
시간,Waktu
상태,Kondisi
내일,Besok
괜찮다,Tidak apa-apa
그런데,Tetapi/Ngomong-omong
같이,Bersama
영화,Film
보다,Melihat
좋다,Bagus
다,Semua
만나다,Bertemu
코미디 영화,Film komedi
멜로 영화,Film romantis
액션 영화,Film Aksi
공포 영화,Film Horor
시간이 있다,Ada waktu
시간이 없다,Tidak ada waktu
약속이 있다,Ada janji
약속이 없다,Tidak ada janji
일이 많다,Banyak kerjaan
일이 적다,Kerjaan sedikit
바쁘다,Sibuk
한가하다,Senggang
재미있다,Menarik
재미없다,Tidak menarik
먹다,Makan
도청,Gedung Pemprov
시청,Balai kota
구청,Gedung pemda
경찰서,Kantor polisi
소방서,Kantor pemadam kebakaran
출입국관리사무소,Kantor Imigrasi
보건소,Pusat Kesehatan
주민센터,Kantor catatan sipil
쯤,Sekitar/kira-kira
그럼,Kalau begitu
그러면,Kalau begitu
이르다,Lebih awal
늦다,Terlambat
가깝다,Dekat
멀다,Jauh
같다,Sama
관공서,Kantor Pelayanan Umum
다르다,Berbeda
간단하다,Sederhana
복잡하다,Rumit
편하다,Nyaman
불편하다,Tidak nyaman
가능하다,Memungkinkan
불가능하다,Tidak memungkinkan
헤어지다,Berpisah
술,Minuman Alkohol
특히,Khususnya
연락하다,Menghubungi
아쉬윕다,Sayang sekali
경우,Kondisi
구체적으로,Secara Terperinci
가볍다,Ringan
만냑에,Andaikata, Meskipun
언제든지,Kapan-kapan
–더라도,Walaupun
피하다,Menghindar
또한,Bahkan
미리,Terlebih Dahulu
어서 오세요,Silahkan masuk
자리가 있다,Ada tempat duduk
자리가 없다,Tidak ada tempat duduk
메뉴판,Daftar menu
메뉴,Menu
밥, 진지,Nasi
반찬,Lauk
숟가락,Sendok
젓가락,Sumpit
포크,Garpu
앉다,Duduk
고르다,Memilih
시키다,Memesan
주문하다,Memesan
배달하다,Mengantar
좋아하다,Menyukai
정말,Sangat, Sungguh
공기,Mangkuk Nasi
그릇,Mangkuk
접시,Piring
인분,Porsi
칼,Pisau
가위,Gunting
반찬,Lauk
맛있다,Enak
맛없다,Tidak enak
맵다,Pedas
달다,Manis
짜다,Asin
싱겁다,Tawar
쓰다,Pahit
시다,Asam
놀다,Bermain
손님,Tamu
뚝배기,Mangkuk korea
안주,Makanan pelengkap
마른안주,Snack cumi kering / ikan kering
계속,Terus menerus
그치다,Reda
그만하다,Berhenti
이따,Nanti
비가 오다,Turun hujan
눈이 오다,Turun salju
바람이 불다,Berhembus angin
날씨가 좋다,Cuacanya bagus
날씨가 나쁘다,Cuacanya buruk
맑다,Cerah
흐리다,Mendung
따뜻하다,Hangat
덥다,Panas
시원하다,Sejuk
춥다,Dingin
봄,Musim semi
여름,Musim panas
가을,Musim gugur
겨울,Musim dingin
참,Sangat
잘,Dengan baik
맞다,Benar
너무,Sangat
정말,Sungguh
아주,Sangat
가장, 제일,Paling
특히,Khususnya
요즘,Akhir-akhir ini
기분이 좋다,Perasaannya senang
기분이 나쁘다,Perasaannya buruk
기쁘다,Senang
슬프다,Sedih
즐겁다,Lega, senang
신나다,Bersemangat/gembira
상쾌하다,Segar
행복하다,Bahagia
피곤하다,CapeK
졸리다,Ngantuk
외롭다,Kesepian
우울하다,Depresi
계절,Musim
안개,Kabut
번개,Petir
구름,Awan
하늘,Langit
해, 태양,Matahari
무지개,Pelangi
습다,Kelembapan
사계절,Empat Musim
바람이 시원, 선선하다,Angin sejuk
바람이 많이 불다,Bertiup banyak angin
삼한사온,3 Hari dingin 4 hari panas
동장군,Butiran salju yang membeku
눈 사람,Manusia salju
춥고 건조하다,Dingin dan kering
피다,Mekar
단풍 여행,Menyaksikan perubahan warna daun
꽃샘추위,Perubahan warna bunga dan suhu
황사바람,Angin debu
꽃구경,Melihat Bunga
무더위, 복날,Hari terpanas
장마철,Hujan di musim panas
피서,Istilah liburan musim panas
습하다,Lembab
덥다,Panas
포근,Hangat yang enak
단풍,Fenomena perubahan warna daun
스키 여행,Wisata Ski
독서하다,Membaca
취미,Hobi
낚시하다,Memancing
자주,Sering
항상, 늘,Selalu
주로, 보통,Biasanya
가끔,Jarang
여행하다,Berwisata
텐트를 하다,Berkemah
등산하다,Naik gunung
사진을 찍다,Memotret
외국어,Bahasa asing
배우다,Belajar
콘서트,Konser
운동 경기,Pertandingan olahraga
음악,Musik
듣다,Mendengar
기타를 치다,Bermain gitar
춤을 추다,Menari
매일,Setiap hari
노래를 부르다,Menyanyi
주말,Akhir pekan
축구하다,Bermain bola
배구하다,Voliball
탁구하다,Tenis meja
선수,Player
축구 동호회,Klub sepakbola
등산 동호회,Klub Hiking
사진 동호회,Klub fotografi
요리 동호회,Klub masak
농구하다,Bermain basket
야구하다,Bermain baseball
수영하다,Berenang
테니스를 치다,Bermain tenis
배드민턴을 치다,Bermain badminton
볼링을 치다,Bermain bowling
골프를 치다,Bermain golf
스케이트를 타다,Naik Skate
스키를 타다,Naik ski
자전거를 타다,Naik sepeda
수업,Pelajaran
지역,Daerah
각,Masing-masing, setiap
복지관,Pusat komunitas
외국인근로자센터,Pusat Ketenagakerjaan Asing
외국인력지원센터,Pusat bantuan tenaga kerja asing
다문화지원센터,Pusat Informasi budaya
환전,Tukar uang
즐겁다,Senang
다양하다,Bervariasi
지원하다,Membantu
활동,Kegiatan
즐기다,Menikmati
복지관,Pusat Komunitas
통하다,Melalui
인라인스케이트,Roller blade (sepatu roda)
뜨개질을 하다,Merajut
도,Pulau
바다,Laut
아름답다,Indah
산,Gunung
동굴,Goa
폭포,Air terjun
호수,Danau
강,Sungai
섬,Kepulauan
온천,Pemandian air panas
유적지,Situs bersejarah
미술관,Galeri
박물관,Museum
동물원,Kebun binatang
민속촌,Kampung adat
놀이공원,Taman Hiburan
드라마 촬영지,Tempat syuting drama
유명하다,Terkenal
경치,Pemandangan
친절하다,Ramah
호텔,Hotel
콘도,Kondominium
여관,Losmen
민박,Penginapan
펜션,Villa
유스호스텔,Asrama Remaja
비행기,Pesawat
표,Tiket
이번,Kali ini
휴가,Liburan
사다,Membeli
숙소,Penginapan/akomodasi
다,Semua
예약하다,Memesan
계획하다,Merencanakan
준비하다,Memersiapkan
짐을 싸다,Packing
출발하다,Berangkat
도착하다,Sampai
짐을 풀다,Mengeluarkan bawaan
묵다,Menginap
박물관,Museum
관람하다,Mengunjungi/melihat-lihat
축제,Festival
구경하다,Melihat-lihat
기념품,Souvenir/oleh-oleh
가깝다,Dekat
정보,Informasi
이용하다,Menggunakan
저렴하다,Terjangkau
단체,Organisasi/Kelompok
관광지,Tempat wisata
저렴하다,Murah/Terjangkau
얻다,Mendapat/Menerima
시청,Balai kota
버스,Bus
지하철,Subway
타다,Naik
빠르다,Cepat
좀,Sedikit
마을버스,Bus pedesaan
시내버스,Bus kota
시외/고속버스,Bus Ekspress
택시,Taksi
기차,Kereta
고속열차,Kereta cepat
지하철,Subway
비행기,Pesawat
배,Kapal
버스 정류장,Halte bus
버스터미널,Terminal bus
택시 승강장,Pemberhentian taksi
기차역,Stasiun kereta
지하철역,Stasiun subway
공항,Bandara
여객터미널 (선착장),Pelabuhan
걸어오다,Datang berjalan kaki
정도,Sekitar/kira-kira
출근하다,Berangkat kerja
퇴근하다,Pulang kerja
출퇴근 시간,Jam sibuk
막히다,Macet
걸리다,Membutuhkan (waktu)
타고 가다,(Pergi) naik
타고 오다,(Datang) naik
걷다,Berjalan
걸어가다,Pergi berjalan
걸어오다,Datang berjalan
내리다,Turun
갈아타다,Oper kendaraan
환승하다,transit
지나다,Melewati
대중교통,Transportasi umum
방법,Cara
교통비,Biaya Transportasi
결제하다,Membayar
현금,Uang Cash
표,Tiket
교통수단,Jenis transportasi
다르다,Berbeda
구입하다,Membayar
충전하다,Mengisi ulang
매점,Agen Tiket
가능하다,Memungkinkan
충전기,Mesin isi ulang
올려놓다,Meletakan ke Atas
금액,Jumlah
선택하다,Memilih
맞다,Benar
여보세요,Halo
가구,Mebel
과장님,Kepala Bagian
잠깐만,Sebentar
기다리다,Menunggu
전화,Telepon
휴대전화,Handphone
스마트폰,Smartphone
전화를 걸다,Menelepon
전화가 오다,Telepon masuk
통화하다,Ngobrol di telepon
전화를 바꾸다,Menyambungkan telepon
전화를 잘못 걸다,Salah sambung
전화를 끊다,Menutup telepon
통화 중이다,Sedang menelepon
켜다,Menghidupkan
끄다,Mematikan
문자,Pesan
보내다,Mengirim
확인하다,Memeriksa
알다,Mengetahui
바쁘다,Sibuk
귀엽다,Imut, lucu
편리하다,Nyaman
회원 가입,Mendaftar akun, anggota
대부분,Sebagian besar
외국인등록번호,Nomor ID
검색 엔진,Mesin pencarian
회원 탈퇴,Menghapus akun, anggota
아이디,ID
비밀번호,Password
화상 채팅,Chatting dengan video
범죄 신고,Pelaporan tindak kriminal
출입국관리사무소,Kantor imigrasi
체류 신고,Pelaporan ijin tinggal
전화번호 안내,Informasi nomor telepon
고용노동부 고객상담센터,Pusat konsultasi nasabah tenaga kerja asing
화재, 응급 환자 발생 신고,Pelaporan kondisi darurat dan kebakaran
외국인력상담센터,Pusat konsultasi ketenagakerjaan asing
기초 지방자치단체 각종 생활 민원 신고,Pelaporan catatan sipil
이주여성 긴급지원 센터,Pusat bantuan darurat bagi WNA perempuan
일기예보 안내,Informasi ramalan cuaca
외국인주민통역상담지원센터,Pusat bantuan penerjemahan WNA
생활,Kehidupan
유용하다,Berguna
범죄 신고,Laporan Kriminal
안내,Informasi
화재,Kebakaran
응급,Darurat
환자,Pasien
발생 신고,Laporan kejadian
전기 고장 신고 (123),Pelaporan kerusakan listrik
교통정보 (1333),Informasi Transportasi
우제국민원안내 (1300),Kantor POS
전화 벨소리,Suara dering
무음,Silent (tanpa dering)
청소하다,Membersihkan
방,Kamar
더럽다,Kotor
시간,Waktu
같이,Bersama
쓸다,Menyapu
먼지,Debu
닦다,Mengelap, Mengepel
깨끗하다,Bersih
어지럽다,Berantakan
정돈되어 있다,Tertata rapi
청소기,Vacuum cleaner
정리하다,Merapikan
먼지를 떨다,Membersihkan debu
쓰레기,Sampah
버리다,Membuang
도구,Alat
빗자루,Sapu
걸레,Lap
휴지통,Tempat sampah
이따가,Nanti
만들다,Membuat
재미있다,Menarik
재미없다,Tidak menarik
설거지를 하다,Cuci piring
앞으로,Kedepannya
집안일,Pekerjaan rumah
장을 보다,Belanja
밥을 하다,Menanak nasi
밥솥,Rice cooker
냄비,Panci
프라이팬,Wajan
주방세제,Sabun cuci piring
빨래하다,Mencuci baju
세탁기,Mesin cuci
빨래를 널다,Menjemur
빨래를 걷다,Mengangkat jemuran
옷을 다리다,Menyetrika
옷을 개다,Melipat pakaian
세탁세제,Sabun detergen
다리미,Setrika
종량제,Sistem pemilahan
실제 배출량,Volume
수수료,Biaya
–따라,Berdasarkan
다르다,Berbeda
보관하다,Menyimpan
제도,Sistem
지정되다,Ditentukan
규격,Standar
판매하다,Menjual
담다,Mengisi
봉투,Kantong
제외하다,Pengecualian
재활용,Daur ulang
높다,Tinggi
전국적,Nasional
실시되다,Memperluas
일반,Biasa
음식물,Makanan/minuman
정해지다,Diputuskan
장소,Tempat
물길,Zat cair
빼다,Mengeringkan
가격,Harga
형광등,Lampu
건전지,Baterai
종류,Jenis
규격별로,Berdasarkan Ukuran
지역별로,Berdasarkan Daerah
대형,Ukuran besar
스티커,Stiker
주민자치센터,Pusat layanan Masyarakat
분리하다,Menyortir
종이,Kertas
빈병,Botol kosong
수거함,Tempat pengumpulan
부탁,Bantuan
넓다,Luas
옥상,Atap (pelataran atas)
한국건설,Perusahaan Konstruksi Korea
잠깐,Sebentar
나가다,Keluar
통화 후,Setelah berbicara di telepon
곧,Segera
기다리다,Menunggu
약속하다,Berjanji
지키다,Mematuhi
어기다,Melanggar
늦다,Terlambat
방문하다,Berkunjung
안내하다,Menginformasikan
안내를 받다,Menerima informasi
가르치다,Mengajar
잠시,Sebentar
이따,Nanti
필요하다,Butuh
청소하다,Bersih-bersih
더럽다,Kotor
초대하다,Mengundang
찾다,Mencari
금방,Langsung
상을 차리다,Menyiapkan meja makan
준비하다,Mempersiapkan
마중 나가다,Menjemput
장만하다,Menyiapkan hidangan
상을 치우다,Membereskan meja makan
나누다,Berbagi
배웅하다,Mengantar
집들이,Syukuran rumah baru
결혼하다,Menikah
이사하다,Pindah
가족,Keluarga
회사,Kantor
동료,Rekan kerja
세제,Detergen
휴지,Tisu toilet
인기,Minat/Terkenal
거품,Busa
생기다,Muncul
처럼,Seperti
많이,Banyak
부자,Orang kaya
술술,Lancar
풀리다,Membuka
요즘,Akhir-akhir ini
물어보다,Menanyakan
새,새로,새로운,Baru
어울리다,Cocok
시계,Jam
화분,Vas bunga
장식 용품,Barang rumah tangga
특히,Khususnya
신혼부부,Pasangan
수저,Alat makan
깨끗하다,Bersih
의미,Makna
채소,Sayur
생각하다,Berfikir
가지고 가다,Membawa (Barang)
빨리,Cepat
건너가다,Menyeberang
길,Jalan
무단 횡단하다,Menyebrang sembarangan
다치다,Terluka
금지,Larangan
표지판,Papan rambu
그냥,Begitu saja/Tanpa alasan
조심하다,Hati-hati
횡단보도,Zebra cross
금연,Dilarang merokok
음식물 반입 금지,Dilarang membawa makanan/minuman
휴대전화 사용 금지,Dilarang menggunakan HP
사진 촬영 금지,Dilarang memotret
실내 정숙,Harap tenang
출입 금지,Dilarang masuk
접근 금지,Dilarang mendekat
주차 금지,Dilarang parkir
과속 금지,Dilarang mengebut
곳,Tempat
몰라요,Tidak tahu
박물관,Museum
공연장,Gedung pertunjukan
버스 정류장,Halte bus
구역,Area
벌금,Denda
벌다 행동,Cari/mengumpulkan/menghemat
행동,Kegiatan
담배를 피우다,Merokok
담배꽁초를 버리다,Membuang puntung rokok
쓰레기를 버리다,Membuang sampah
침을 뱉다,Meludah
뛰어다니다,Berlarian
떠들다,Berisik
새치기를 하다,Memotong antrian
자리를 차지하다,Mengambil tempat duduk
다리를 벌려서 앉다,Duduk membuka kaki
손대다,Menyentuh
대중,Umum
공공,Umum
공종,Umum
화장실,Toilet
공중전화,Telepon umum
주차장,Tempat parkir
비상구,Pintu darurat
지하철역,Stasiun subway
기차역,Stasiun KA
택시 정류장,Halte taksi
엘리베이터,Lift
에스컬레이터,Eskalator
자동차 전용,Jalur mobil
노약자석,Tempat duduk khusus
이런,Seperti ini
좌석,Tempat duduk
노약자,Orang kebutuhan khusus
장애인,Difabel/cacat
임산부,Ibu hamil dan menyusui
어린,Anak-anak
자리,Tempat duduk
비워 두다,Mengosongkan
만약,Andaikan
충전하다,Mengisi ulang
빌리다,Meminjam
팔다,Menjual
만지다,Menyentuh
도로,Jalan
위험하다,Bahaya
갑자기,Tiba-tiba
차,Mobil
사고,Kecelakaan
나다,Muncul
어른,Orang tua
계시다,Ada
처음,Pertama kali
걱정되다,Khawatir
몇 가지,Beberapa
물어보다,Bertanya
알다,Tahu
선물,Hadiah
드리다,Memberi (sopan)
보통,Biasanya
음료수,Minuman ringan
선물하다,Menghadiahi
좋아하다,Menyukai
잡수시다, 드시다,Makan atau minum (sopan)
주무시다,Tidur (sopan)
잠을 자다,Tidur
말씀하시다,Berkata (sopan)
말하다,Berkata
편찮으시다,Sakit (sopan)
아프다,Sakit
돌아가시다,Meninggal
죽다,Mati
사망하다,Mati
댁,Rumah (sopan)
진지,Nasi
성함,Nama (sopan)
연세,Umur (sopan)
새로,Baru
다녀오다,Pulang
바꾸다,Menukar
살다,Tinggal
반장님,Mandor
회의,Rapat
그릇,Mangkuk
놓다,Meletakkan
예절,Etika
잘 모르다,Tidak tahu
고생하다,Menderita
꽂다,Menancapkan
소리,Suara
신다,Memakai
물건,Barang
떨다,Menggoyangkan
꼬다,Menyilangkan
들다,Mengangkat
숙이다,Membungkukkan
양보하다,Mempersilakan
벗다,Melepas
조심하다,Hati-hati
지키다,Mematuhi
인사하다,Memberi salam
당황하다,Tersinggung
나이,Umur
실례되다,Kasar
마치다,Menyelesaikan
일어나다,Bangun, beranjak
고개,Tengkuk kepala
돌리다,Memutar
주고받다,Memberi dan menerima
행동,Tindakan
양보하다,Mempersilahkan
함께,Bersama
쓰다,Menggunakan, Menulis
알아보다,Mencari tahu
건강하다,Sehat
눈살을 찌푸리다,Mengerutkan dahi
소리를 내서 껌을 씹다,Ngomong sambil mengunyah
손가락질을 하다,Menunjuk dengan tangan
트림을 하다,Sendawa
코를 풀다,Membuang ingus
방귀를 뀌다,Kentut
시간,Waktu
어렵다,Sulit
쉽다,Mudah
가르치다,Mengajari
학원,Lembaga
다니다,Pergi
사전을 찾다,Mencari kosakata di kamus
예습하다,Mempersiapkan materi
복습하다,Mengulang materi
강의,Kursus
듣다,Mengikuti, Mendengar
따라 하다,Mengikuti
퇴근하다,Pulang kerja
단어,Kosakata
발음,Pengucapan
갔다 오다,Pergi pulang
자동차 정비,Memperbaiki mobil
교육,Pendidikan
나중,Nanti
일을 구하다,Mencari kerja
도움,Bantuan
비슷하다,Mirip
이해하다,Memahami
신청하다,Mendaftar
과정,Kursus, kurikulum
수업,Pelajaran
과목,Mata pelajaran
기관,Lembaga, Institusi
교실,Ruang kelas
자격증,Sertifikat
개강,Awal semester
종강,Akhir semester
일정,Jadwal
재미있다,Menarik
끝나다,Selesai
층,Lantai
내다,Membayar
동안,Selama
대한,Tentang
안내문,Papan pengumuman
외국인,Orang asing
근로자,Pekerja
위한,Untuk
센터,Pusat
문의,Pertanyaan
표시하다,Mengungkapkan
다르다, 다른,Berbeda
도움,Bantuan
초급,Kelas awal
중급,Kelas menengah
고급,Kelas akhir
무료,Gratis
매주,Setiap minggu
료,Biaya
자격,Syarat, kualifikasi, status, jabatan
조건,Kondisi
확인하다,Mengecek
인적사항,Data pribadi
참여하다,Menghadiri
역사,Sejarah
한국산업인력공단,HRD Korea
및,Dan
가능하다,Memungkinkan
습득하다,Menyerap
체류,Tinggal
기간, 시간,Waktu
본국,Tanah Air
안정적,Nyaman (stabil)
재정착,Transmigran
도록,Agar
제공하다,Menyediakan
현지,Lokasi saat ini
기업과,Perusahaan
구성되다,Terdiri atas
현장,Tempat kerja
실용적,Praktis
관련되다,Dikaitkan
기초,Dasar
직무,Tugas
– 뿐만 아니라,Bukan hanya itu tapi juga
기술,Teknologi
포함되다,Termasuk
과정별,Proses, tahapan
전송하다,Mengirim (data)
버튼,Tombol
교육대상자,Terkait pihak (orang)
선정되다,Dipilih
참여하다,Berpartisipasi
시험,Ujian
종교,Agama
교회,Gereja Kristen Protestan
신자,Penganut
부모님,Orangtua
불교,Budha
절,Kuil
요즘,Akhir-akhir ini
기독교,Kristen Protestan
천주교,Kristen Katolik
이슬람교,Islam
성당,Gereja Kristen Katolik
사원,Masjid
스님,Biksu
목사님,Pendeta (Protestan)
신부님,Pastur (Katolik)
이맘,Imam
자주,Sering
여행하다,Berwisata
매일,Setiap hari
예배를 드리다,Melakukan sembahyang
기도하다,Berdoa
믿다,Percaya
못하지만,Tidak bisa tapi...
예불을 드리다,Melakukan sembahyang (untuk orang Budha)
미사를 드리다,Misa
찬불가/성가,Puji-pujian
불전, 헌금,Uang sedekah
성지 순례를 가다,Naik haji
불경,Tripitaka
성경,Injil
코란,Al-Quran
등산,Naik gunung
소원,Harapan
벌다,Mengumpulkan
건강하다,Sehat
행사,Acara
석가탄신일,Waisak
부처님,Sang Budha
태어나다,Lahir
기념하다,Memperingati
음력,Kalender China
정하다,Menentukan
국가 공휴일,Libur nasional
가깝다,Dekat
등,Lampion
나무,Pohon
만들다,Membuat
매달다,Menggantungkan
밝히다,Menyalakan, Menerangi
현제,Akhir-akhir ini
처럼,Seperti, Mirip
행사,Acara
중의 하나로,Satu di antara
축제,Festival
즐기다,Menikmati
아이,Anak-anak
부활절,Paskah
부활하다,Reinkarnasi
달걀,Telur Paskah
그림을 그리다,Melukis
서로,Saling
나누다,Berbagi
새롭다,Baru
생명,Kehidupan
태어나다,Lahir
하나님,Tuhan
의미하다,Bermakna
뜻으로,Berarti
신성하다,Suci
해,Matahari
뜨다 (떠),Terbit
기간,Waktu, Periode
특별,Khusus
절제하다,Mengendalikan (bukan meningkatkan)
열심히,Rajin
감기에 걸리다,Flu
열이 나다,Demam
기침을 하다,Batuk
콧물이 나다,Pilek
배탈이 나다,Sakit perut
설사를 하다,Diare
소화가 안 되다,Gangguan pencernaan
토하다,Muntah
손을 베다,Tangan teriris
손을 데다,Tangan terluka bakar
발목을 삐다,Pergelangan kaki terkilir
다리가 부러지다,Patah kaki
상처,Luka
상처가 나다,Terluka
계속,Terus menerus
붕대,Perban
연고,Salep
파스,Koyo
반창고,Plester luka
상비약,Obat-obatan darurat
소독약,Obat steril
안약,Obat tetes mata
영양제,Suplemen
알약,Obat kapsul/tablet
감기약,Obat flu
소화제,Obat sakit perut
진통제,Obat pereda nyeri
해열제,Obat demam
가정 비상약,Obat P3K
비타민,Vitamin
식전,Sebelum makan
머리,Kepala, rambut
귀,Telinga
얼굴,Wajah
눈,Mata
코,Hidung
입,Mulut
어깨,Pundak
팔,Lengan
허리,Pinggang
손목,Pergelangan tangan
손가락,Jari tangan
다리,Kaki
발목,Pergelangan kaki
몸,Badan
배,Perut
무릎,Lutut
발,Kaki
회식,Acara makan-makan
계속,Terus menerus
갑자기,Tiba-tiba
설거지하다,Mencuci piring
불편하다,Tidak nyaman
맛,Rasa
유제품,Produk susu
식후,Setelah makan
아프고 열이 많이 나요,Sakit dan panas tinggi
알레르기,Alergi
앓다,Sakit
-일분,Unit, Volume
-포,Tablet, Dosis
-회,Waktu, Kali, Babak
가정,Keluarga
약을 짓다,Meracik obat
약품,Obat-obatan
어지럽다,Pusing
건강음료,Minuman kesehatan
근육통,Nyeri otot
나오다,Keluar, muncul
내복약,Obat dalam
눈에 뭐가 나다,Kelilipan
눈이 뻑뻑하다,Mata kering
담당,Tanggung jawab
두통,Sakit kepala
몸에 기운이 없다,Badan lesu
파스,Koyo
연고,Salep
복용,Dosis
복용하다,Minum obat
복통,Sakit perut
내복약,Obat penyakit dalam
부작용,Efek samping
하루,Sehari
회,-kali
용법,Aturan pakai
이상하다,Aneh
걷다,Berjalan
왜,Kenapa
아니에요,Bukan
빠르다,Cepat
병원,Rumah sakit
근처,Sekitar
지하철역,Stasiun subway
내과,Klinik penyakit dalam
정형외과,Klinik tulang
치과,Klinik gigi
안과,Klinik mata
이비인후과,Klinik THT
피부과,Klinik kulit
산부인과,Klinik kebidanan
소아과,Klinik anak
처방하다,Memberi resep obat
나다,Muncul
넘어지다,Jatuh
다치다,Terluka
누르다,Menekan
쉬다,Istirahat
치료를 하다,Merawat
주사를 맞다,Disuntik
수술하다,Operasi
약을 먹다,Minum obat
소독을 하다,Mensterilkan
연고를 바르다,Mengoleskan salep
밴드를 붙이다,Menempelkan hansaplast
파스를 붙이다,Menempelkan koyo
찜질을 하다,Mengompres
붕대를 감다,Memasang perban
주무르다,Memijat
깁스를 하다,Memasang gips
시내,Kota
진료,Pemeriksaan
안내,Informasi
근로자,Pekerja
위한 의료,Pelayanan medis
제공하다,Menyediakan
위치하다,Berlokasi
한방진료,Perawatan tradisional (oriental medicine)
종합검진,Pemeriksaan menyeluruh
가능하다,Memungkinkan
이용하다,Menggunakan
도움,Bantuan
응급,Darurat
상황,Kondisi
갑자기,Tiba-tiba
요청하다,Meminta
언제든지,Kapanpun
휴진,Libur (klinik tutup)
공휴일,Libur nasional
통장,Buku tabungan
저금,Celengan, tabungan
신분증,Kartu identitas
여권,Paspor
신청서,Formulir pendaftaran
체크카드,Kartu debit (cek)
창구,Teller
계좌 번호,Nomor rekening
주소,Alamat
서명,Tanda tangan
비밀번호,Password
신용카드,Kartu kredit
결혼식,Pesta pernikahan
외국,Luar negeri
송금하다,Transfer uang
현금인출기,ATM
이용하다,Menggunakan
누르다,Menekan
입금하다,Menabung
출금하다,Menarik uang
대출하다,Meminjam uang
환전하다,Menukar uang
계좌 이체,Transfer rekening
잔액 조회,Cek saldo
통장 정리,Mutasi rekening / cek transaksi
수수료,Biaya administrasi
하루,Sehari
쭉,Lurus
고객,Nasabah
제공하다,Menyediakan
근로자,Pekerja
바꾸다,Menukar
별로,Hampir, tidak terlalu
전용,Khusus
금융,Perbankan
월급,Gaji
송금,Transfer
지역,Daerah
설치하다,Memperlengkapi / memasang
또한,Selain itu
실시하다,Menjalankan, melaksanakan
영업,Bisnis, dagang
환전,Menukar uang
대출,Peminjaman
할부,Cicilan (utang, kredit)
일시불,Kontan, pembayaran penuh sekaligus
엽서,Kartu pos
보내다,Mengirim
올려놓다,Meletakkan, menaikkan
우편번호,Kode pos
쓰다,Menulis
편지,Surat
카드,Kartu
우표를 붙이다,Menempel perangko
편지 봉투,Amplop
이번 휴,Liburan kali ini
주말,Akhir pekan
소포,Paket
상자,Kotak
저울,Timbangan
배편,Pengiriman via kapal
항공편,Pengiriman via pesawat
열흘,10 hari
급하다,Darurat, mendesak
국제 특급,Paket kilat internasional
무게를 재다,Menimbang
일반 우편,Pengiriman biasa
등기 우편,Pengiriman terdaftar
택배,Jasa pengiriman (kurir)
주소,Alamat
서류,Dokumen
전하다,Menyampaikan
배달하다,Mengantar, mengirim
발송하다,Mengirim
연결되다,Terhubung
여부,Status, kepastian
조회하다,Mengecek
결과,Hasil
현재,Saat ini, sekarang
가능하다,Memungkinkan
물품,Barang
한약,Obat herbal
동물류,Hewan
식물류,Tanaman
폭발성,Mudah meledak
가연성,Mudah terbakar
금,Emas
은,Perak
귀금속,Logam mulia
신용카드,Kartu kredit
현금,Uang tunai
항공권,Tiket pesawat
잃어버리다,Kehilangan
지로,Giro
운송장,Surat jalan / tanda pengiriman
외국인력지원센터,Pusat Bantuan Pekerja Asing
배우다,Belajar
수업,Pelajaran, kelas
전혀,Sama sekali (tidak)
상담,Konsultasi
교육,Pendidikan
법률 교육,Pendidikan hukum
안전,Keamanan
기획하다,Merencanakan, menggelar
국가별,Internasional / multi-nasional
여러 가지,Berbagai macam
광고,Iklan
무료,Gratis
기관,Lembaga, institusi
국악,Musik tradisional
금융,Finansial
영양,Nutrisi
양방,Pengobatan modern
한방,Pengobatan tradisional
이따,Nanti
맵다,Pedas
신청하다,Mendaftar
처음,Pertama kali
외국인 등록증,ID orang asing
예약하다,Memesan
이용하다,Menggunakan
행사,Acara
참여하다,Menghadiri
문화 체험,Pengalaman budaya
자원 봉사,Sukarelawan
필요하다,Memerlukan
사업주,Pemilik perusahaan
이루어지다,Mewujudkan
지원,Bantuan
공공,Umum
기관,Lembaga
지원하다,Membantu
다양하다,Bermacam-macam
도움,Bantuan
게시판,Papan pengumuman
남기다,Meninggalkan
상담사,Konsultan
방문하다,Mengunjungi
미리,Terlebih dahulu
현황,Kondisi, situasi
소개,Pengenalan, perkenalan
고충,Masalah, kesulitan
다양하다,Beragam
이루어지다,Tercapai, terwujud
홈페이지,Halaman utama / website
여러 가지,Beberapa macam
-뿐만 아니라,Bukan hanya itu, tapi juga
고충 상담,Layanan konsultasi masalah
국가별,Multi-nasional
행사,Acara
체험,Pengalaman
기획하다,Menggelar
신기하다,Kaget, heran
처음,Pertama kali
일 년 내내,Sepanjang tahun
최저기온,Suhu terendah
정도,Kira-kira
바닷가,Pantai
습하다,Lembab
여름,Musim panas
높다,Tinggi
기온,Suhu
영상,Di atas 0℃
영하,Di bawah 0℃
습도,Kelembaban
최고기온,Suhu tertinggi
최저기온,Suhu terendah
낮다,Rendah
올라가다,Naik
내려가다,Turun
건조하다,Kering
날씨,Cuaca
쉬다,Istirahat
나오다,Muncul
별로,Hampir
비슷하다,Mirip
날,Hari
공기,Udara
맑다,Cerah
시끄럽다,Berisik
인구,Penduduk
적다,Sedikit
조용하다,Sunyi
깜짝 놀랐어요,Kaget
복잡하다,Rumit
한적하다,Sepi
교통,Transportasi
편하다,Nyaman
불편하다,Tidak nyaman
유명하다,Terkenal
친절하다,Ramah
행정구역,Daerah administrasi
특별시,Kota khusus
광역시,Kota metropolitan
함께,Bersama
수도권,Metropolitan / Daerah Ibu Kota
도,Provinsi, Pulau
절반,Setengah bagian
중부 지방,Wilayah tengah
남부 지방,Wilayah selatan
신라의 수도였던,Ibu kota zaman kerajaan Silla
세계 문화유산,Warisan budaya dunia
지정되다,Ditetapkan
독특하다,Khas, unik
자연환경,Lingkungan alam
간직하다,Menyimpan
국제 자유,Bebas secara internasional
관광지로,Sebagai pariwisata
거듭나다,Terlahir kembali
특별자치시,Kota otonomi khusus
특별자치도,Daerah otonomi khusus
이루어지다,Terdiri dari
평균,Rata-rata
연평균,Rata-rata tahunan
섬,Pulau / kepulauan
따뜻하다,Hangat
이때,Saat ini, waktu ini
아름답다,Indah
관광객,Turis
꼭,Harus
역할을 하다,Berperan
과학,Ilmu alam, ilmu pasti
행정,Administrasi
중심지,Tempat pusat
쌀,Beras
발달하다,Tumbuh, berkembang
점심,Siang
복날,Hari terpanas
뜨겁다,Panas (sangat panas, menyengat)
몸,Badan
더위,Hawa panas
이기다,Mengalahkan
힘,Tenaga
따뜻하다,Hangat
뜨겁다,Panas
차다,차갑다,Dingin
누가,Siapa
아주,Sangat
맛있다,Enak
배탈이 나다,Sakit perut
좋아하다,Menyukai
중에서,Diantara
처음,Pertama kali
식탁,Meja makan
나라,Negara
직접,Secara langsung
불,Api
너무,Sangat
무섭다,Takut
고기,Daging
생선,Ikan
채소,Sayur
소고기,Daging sapi
돼지고기,Daging babi
닭고기,Daging ayam
양고기,Daging kambing
파,Daun bawang
양파,Bawang bombay
마늘,Bawang putih
감자,Kentang
당근,Wortel
끓이다,Merebus
삶다,Mengukus
굽다,Memanggang
볶다,Menumis
튀기다,Menggoreng
귀찮다,Malas
시키다,Memesan
땀,Keringat
흘리다,Mengeluarkan
기운,Stamina
인삼,Ginseng
밤,Buah berangan
재료,Bahan
나다,Muncul
여러분,Anda sekalian
빠지지 않다,Tidak ada yang absen
바로,Langsung
산모,Ibu hamil
낳다,Melahirkan
은혜,Jasa
기억하다,Mengingat
제외하다,Kecuali
놓다,Meletakan
각자,Masing-masing
접시,Piring
덜다,Mengurangi
여러 가지,Berbagai macam
적당하다,Secukupnya
식용유,Minyak sayur
따로,Secara terpisah
설날,Tahun baru imlek
고향,Kampung halaman
잘 다녀왔어요,Sudah menikmati kepergian
오랜만에,Sekian lama
,
원을 빌다,Membuat permohonan
보통,Biasanya
노래,Lagu
가구,Perabot, Perkakas
한국건설,Perusahaan konstruksi Korea
처음,Pertama kali
윷놀이,Permainan 윷
재미있다,Menarik
부모님,Orangtua
세배하다,Sungkem
세뱃돈,Uang angpao
특별하다,Khusus
경험,Pengalaman
한복을 입다,Memakai hanbok
덕담을 하다,Memberi nasihat
기대되다,Bersemangat
추석,Hari raya panen
연휴,Liburan tahunan
아직,Belum, Masih
잘 모르겠다,Tidak tahu
못,Tidak bisa
행사하다,Mengadakan acara
전통 놀이,Permainan tradisional
체험,Tindakan mengalami, mengetahui
친척,Kerabat
차례를 지내다,Ritual penghormatan
절하다,Bersujud
성묘하다,Ziarah
보름달,Bulan purnama
부모님,Ayah dan Ibu (beda dengan 어른 = orang tua/dewasa)
인사,Salam
음력,Kalender China
해,Tahun
축하하다,Merayakan
기념하다,Memperingati
모이다,Berkumpul
새해 복 많이 받으세요,Selamat Tahun Baru
정월대보름,Festival Bulan Purnama (Cap Go Meh)
새해,Tahun baru
뜨다,Terbit
곡식,Biji-bijian
짓다,Mengolah
오곡밥,Nasi 5 jenis biji-bijian
마르다,Kering
나물,Sayuran, akar-akaran
요리하다,Memasak
땅콩,Kacang tanah
호두,Kacang kenari
껍질,Kulit
딱딱하다,Keras, Alot
견과류,Kacang-kacangan
부스럼,Bisul
생기다,Muncul
수확하다,Memanen
쌀,Beras
가루,Tepung
대표적인,Khas
여성,Kaum perempuan
동그랗게,Melingkar, bundar
잡다,Memegang
빙글빙글,Berputar
거두다,Panen
속상하다,Menjengkelkan
돌잔치,Perayaan ultah pertama
첫 번째,Pertama kali
축하하다,Merayakan
한테,Kepada
인형,Boneka
선물하다,Menghadiahkan
생일,Ulang tahun
백일,100 hari kelahiran
돌,Ultah pertama
집들이,Syukuran rumah
어버이날,Hari orangtua
스승의 날,Hari guru
어린이날,Hari anak
결혼기념일,Hari ultah pernikahan
환갑,Ultah ke-60
칠순,Ultah ke-70
휴지,Tisu
화장지,Tisu toilet
두루마리,Tisu gulung
세제,Detergen
따뜻하다,Hangat
신랑,Mempelai pria
신부,Mempelai wanita
어울리다,Cocok
끝나다,Selesai
폐백을 드리다,Melakukan hormat kepada orang tua
친척,Kerabat, saudara
인사,Salam
전통 혼례,Pernikahan tradisional
결혼식,Pernikahan
청첩장,Undangan pernikahan
축의금,Uang ampao
주례,Penghulu
하객,Tamu undangan
사진 촬영을 하다,Memotret
피로연을 하다,Resepsi pernikahan
시작되다,Dimulai
먼저,Terlebih dahulu
입장하다,Masuk
아름답다,Indah
태어나다,Lahir
미래,Masa depan
알아보다,Mengetahui
여러 가지,Berbagai macam
놓다,Meletakan
현대적인,Modern
그렇지만,Akan tetapi
모습,Bentuk, penampilan
남아 있다,Masih tersisa
대표적인,Khas
제사,Penghormatan leluhur
돌아가시다,Meninggal
매년,Tiap tahun
모여,Berkumpul
간소화,Simple
제사상,Meja sesajen
전,Pancake
나물,Sayur
정성스럽게,Tulus, sungguh-sungguh
명절,Hari raya
장례,Pemakaman
장례식장,Tempat pemakaman
검은색,Warna gelap
대한,Tentang
목념,Berduka cita
절을 하다,Bersujud
장을 치르다,Prosesi pemakaman
건강하다,Sehat
장수,Panjang umur
상복,Baju duka
,
시작되다,Dimulai
멋있다,Keren
고향,Kampung halaman
인기가 있다,Populer
그럼요,Tentu saja
재미있다,Menarik
연예인,Selebriti
중에,Diantara
예능 프로그램,Program entertainment
음악 프로그램,Program musik
열화,Film
가수,Penyanyi
영화배우,Artis film
아이돌,Idola
데,Tempat, hal, sesuatu, situasi, kondisi
잘하다,Melakukan dengan baik
새로,Baru
전자,Elektronik
나오다,Muncul
신제품,Barang terbaru
바꾸다,Menukar
화면,Layar
편리하다,Nyaman
기능,Fitur
요즘,Akhir-akhir ini
수입,Impor
수출품,Barang ekspor
수출하다,Mengekspor
수입하다,Mengimpor
선진국,Negara maju
개발도상국,Negara berkembang
무역,Perdagangan
경제 발전,Perkembangan ekonomi
맞다,Betul, tepat
방금,Baru saja
우산,Payung
개발하다,Berkembang
전쟁,Perang
세계,Dunia
나라,Negara
가난하다,Miskin
경제,Ekonomi
발전하다,Berkembang
우연히,Kebetulan
춤을 추다,Menari
반하다,Jatuh cinta
이해하다,Memahami
중심,Terpusat
단순하다,Sederhana
조립,Rakitan
전혀,Sama sekali
최근,Akhir-akhir ini
인기를 얻다,Populer
인해,Melalui
늘어나다,Meningkat
관광,Wisata, Pariwisata
관광객,Wisatawan, Turis
관심 활동하다,Minat, Beraktivitas
우수성,Keunggulan
전단지,Formulir siaran / brosur
성수기,Waktu penuh/ramai
비수기,Waktu sepi
,
새,Baru
작업복,Pakaian kerja
어울리다,Cocok
지퍼,Resleting
목,Leher
올리다,Naik
불편하다,Tidak nyaman
이렇게,Seperti ini
안전하다,Aman
맞다,Benar
단정하다,Rapi
모습,Bentuk, penampilan
처음,Pertama kali
익숙하다,Terbiasa
유니폼,Seragam
깔끔하다,Rapi
단추를 잠그다,Menutup kancing
단추를 풀다,Membuka kancing
내리다,Turun
넥타이를 매다,Memasang dasi
넥타이를 풀다,Membuka dasi
머리,Kepala
자르다,Memotong
기분,Perasaan
답답하다,Sumpek, Sempit
별로,Hampir, Agak
늦게,Terlambat
잠깐,Sebentar
무슨 일,Ada masalah apa?
알겠어요,Mengerti
발,Kaki
툭툭 차다,Menendang
떠들다,Berteriak
예의,Etika
행동,Tindakan
짜증을 나다,Emosi
다들,Semua orang
조금씩,Sedikit demi sedikit
배려하다,Peduli
반말하다,Berbicara kasar
존댓말하다,Berbicara halus
존중하다,Menghormati
칭찬하다,Memuji
함부로 하다,Sembrono
피해를 주다,Menyakiti hati
불쾌하다,Merasa tidak nyaman
무시하다,Cuek
신경 쓰다,Memperhatikan, Menghiraukan
공공장소,Tempat umum
의견,Perasaan
신입 사원,Pekerja baru
생활하다,Kehidupan
확인하다,Mengecek
신발끈,Tali sepatu
윗사람,Atasan
아랫사람,Bawahan
친한,Akrab
농업,Industri pertanian
어업,Industri perikanan
제조업 (용접),Industri manufaktur (Pengelasan)
밀링 작업,Pelapisan
건설업,Industri konstruksi
유통업,Industri pendistribusian
옷차림,Berpakaian
복도,Lorong
계단,Tangga
사용하다,Menggunakan
세탁실,Laundry
정리하다,Merapikan
포장,Pengepakan
양복,Jas
정장,Pakaian formal
생산직,Pekerja pabrik
사무직,Pekerja kantoran
기본적인,Dasar
질서,Kedisiplinan, disiplin
(공장 비품) 훔치다,Mencuri
딴짓하다,Pelarian
잡담 하다,Bercakap-cakap / Mengobrol
멍하다 (멍하게 있다),Termanggu / Bengong
징계를 받다,Mendapat teguran
감봉을 당하다,Mendapatkan/mengalami penurunan gaji
소매,Lengan
토시,Pelindung lengan
바짓단,-
당본,Orang yang bertugas
게시판,Papan pengumuman
다음,Berikut
규칙,Peraturan
지키다,Mematuhi
외부인,Warga asing
데리고 오다,Membawa masuk
조리 기구,Alat masak
외출하다,Keluar
출입문,Pintu keluar masuk
꼭,Harus
닫다,Menutup
시설물,Fasilitas
파손되다,Rusak
즉시,Segera
관리인,Pengelola
보고하다,Melapor
룸메이트,Teman sekamar
어기다,Melanggar
지저분하다,Jorok
치우다,Membereskan
청소하다,Bersih-bersih
휴게실,Restroom
아무도 없다,Tidak ada orang
뻔하다,Hampir
큰일,Masalah besar
깜짝 놀랐어요,Kaget
냉방,Pendingin ruang
선풍기,Kipas
난방,Pemanas ruangan
전기난로,Pemanas elektrik
전기장판,Kasur elektrik
스위치,Tombol
켜다, 끄다,Menghidupkan, mematikan
플러그,Colokan
꽂다,Menancapkan
뽑다,Mencabut
씻다,Mencuci
형태,Penginapan
단독 주택,Rumah satuan
독립적,Mandiri
빌딩형,Bentuk bangunan
주택,Perumahan
세대,Rumah tangga
구조로 되다,Dibangun
각,Masing-masing
원룸,Satu ruang
최소하다,Minimalis
설비,Fasilitas
갖추다,Mencakup
고시원,Kos-kosan
얻다,Menerima
항상,Selalu
아끼다,Menghemat
서로,Saling
분위기,Suasana
끼리,Sesama
서로,Saling
항상,Selalu
즐겁다,Menikmati
자유롭다,Bebas
규율,Peraturan
엄격하다,Ketat
부럽다,Iri
편하다,Nyaman
더,Lebih
잘되다,Baik, Lancar
상사,Atasan
부하,Bawahan
사이가 나쁘다,Hubungan buruk
격려하다,Memotivasi
위해주다,Memahami
성격,Karakter
급하다,Darurat
느긋하다,Santai
말다툼을 하다,Cek-cok
이후로,Setelahnya
조금 전에,Sebelumnya
싸우다,Bertengkar
별일 아니에요,Bukan apa-apa
대답하다,Menjawab
못,Tidak bisa
오해하다,Salah paham
화해하다,Berdamai
사과하다,Minta maaf
잘 지내다,Baik-baik saja
때리다,Menampar
맞다,Memukul
욕을 하다,Berkata kotor
짜증을 내다,Emosi
화가 나다,Marah
화를 내다,Mengomel
싸움을 하다,Berkelahi
오해를 풀다,Mengklarifikasi, menyelesaikan salah paham
주문,Pesanan
늘다,Meningkat
이제,Sekarang
구내식당,Kantin
잘못이에요,Bersalah
직책,Jabatan
호칭,Panggilan, Julukan
예를 들면,Mengambil contoh
부르다,Memanggil
비슷하다,Mirip
성명,Nama lengkap
개인적인,Pribadi
친근함,Keakraban
표시하다,Mengekspresikan
갈등,Konflik
원인,Penyebab
해결,Menyelesaikan
방법,Cara
인정하다,Mengakui
다르다,Beda
상대방,Lawan bicara
틀리다,Kesalahan
감정,Perasaan
상황,Kondisi
정확히,Sesuai
이해하다,Memahami
원인,Faktor
입장,Posisi diri
가치관,Harga diri
적극적,Secara terbuka
공개하다,Terbuka
알리다,Mengetahui
노력하다,Berusaha
부탁,Permintaan
거절,Penolakan
용어,Bahasa
숫자,Bilangan
참하다,Mengendalikan
후회하다,Menyesal
따로,Secara terpisah
잔소리를 하다,Mengomel
말대꾸 하다/ 말대답 하다,Menyanggah (menjawab dengan menyangkal)
꿈밤을 맞다,Memukul kepala (menjitak)
괴롭히다,Menyiksa, menyakiti (membully)
멱살을 잡다,Memegang krah baju
발길질을 하다,Menendang kaki
주먹질을 하다,Menonjok dengan kepalan tangan
물건을 던지다,Melempar barang
물건을 부수다,Merusak barang
싸움을 구경 하다,Menonton perkelahian
싸움을 말리다,Melerai perkelahian
용서를 빌다,Memohon maaf
용서 하다,Memaafkan
안다 (포옹하다),Memeluk
여러분,Kalian semua
회식,Acara makan-makan
기억하다,Mengingat
빠짐없이,Semua
참석하다,Hadir
설마,Pastinya
아니지요,Bukan
삼겹살,Babi panggang
다들,Semua
정하다,Memutuskan
이번,Kali ini
별로예요,Biasanya kan
대신,Sebagai gantinya
시원하다,Sejuk
치맥,Ayam dan bir
배 터지게 먹다,Makan sepuasnya
모처럼 포식하다,Makan sampai kekenyangan
빠지다,Absen
한턱내다,Mentraktir
한잔하다,Minum-minum
차에 가다,Pergi ke sesi kedua
건배하다,Bersulang
단합 대회,Acara penyambutan
열심히,Rajin, Giat
승진하다,Naik pangkat
소개하다,Memperkenalkan
환영하다,Menyambut
환영합니다,Selamat datang
새 식구,Anggota baru
생기다,Muncul
그럴까요,Begitukah
다른 분,Orang lain
끝나다,Selesai
오랜만에,Sekian lama
뭉칩시다,Kumpul-kumpul
환송하다,Perpisahan
축하하다,Merayakan
친해지다,Menjadi akrab
등반 대회,Acara naik gunung
야유회,Acara piknik
체육대회,Acara kompetisi olahraga
걱정 말다,Jangan khawatir
아직,Masih, belum
새로,Baru
두껍다,Tebal
담다,Mengisi
겸,Dalam rangka
단순히,Sederhana
즐기다,Menikmati
넘어,Tersisa
인식되다,Memahami
특별하다,Khusus
특유,Khas
조직,Organisasi
긍정적인,Positif
영향,Efek
끼치다,Mengakibatkan
요소,Faktor utama
여겨지다,Dianggap
마련하다,Mengadakan
종류,Jenis
알리다,Mengetahui
양해,Pengertian
구하다,Meminta
가볍다,Ringan, lembut
대다,Menyentuh
따르다,Menuangkan
반대쪽,Arah sebaliknya
고개,Tengkuk, leher
관람하다,Memperlihatkan
도모하다,Merencanakan
유도하다,Beralasan
아까,Tadi
표정,Ekspresi
친하다,Akrab
말,Perkataan
생각하다,Berpikir
얘기하다,Bercerita
농담,Bercanda
상대방,Lawan bicara
불쾌감,Perasaan tidak senang
수치심,Penghinaan
느끼다,Merasa
성희롱,Pelecehan seksual
의도,Maksud
잘 알다,Tahu dengan baik
오해하다,Salah paham
성적 농담,Bercandaan seksual
예민하다,Sensitif
문제,Masalah
조심하다,Hati-hati
거부감,Penolakan
신체 접촉,Kontak fisik
음담패설,Komentar mesum
음란물,Pornografi
동영상,Video
기분,Perasaan
묻다,Bertanya
발생하다,Terjadi
직장 내,Di dalam tempat kerja
대부분,Sebagian besar
처럼,Seperti
대하다,Memperlakukan
태도,Sikap
시작하다,Memulai
이러한,Seperti ini
속,Dalam
관계,Berhubungan
편하다,Nyaman
성범죄,Pelecehan
이어지다,Indikasi
경우,Kondisi
행동,Tindakan
감정,Perasaan
생기다,Muncul
분명하다,Jelas, Nyata
표현하다,Mengekspresikan
성폭력,Kekerasan seksual
당하다,Mengalami
사건,Kondisi
정확하다,Akurat
기록하다,Mengingat
증거,Bukti
확보하다,Menjamin
피해자,Korban
가해자,Tersangka, Penganiaya
사실,Fakta
반드시,Harus
기억하다,Mengingat
증인,Saksi
의사,Kehendak
신고하다,Melapor
강요하다,Memaksa
요구하다,Meminta, menuntut
불이익을 주다,Merugikan
일찍,Awal
개인적인,Diri sendiri
중요하다,Penting
욕구,Nafsu
기초하다,Dasar
행위,Tindakan
업무,Pekerjaan
관련하다,berhubungan
언어,Perkataan
유발하다,Memicu
따라서,Oleh karena itu
이상,Lebih dari, Di atas
사회문자,Masalah sosial
판단하다,Menganggap
기준,Standar
활력소,Sumber Energi
차별하다,Diskriminasi
에를 들어,Contohnya
싫다, 쳐다,Benci
정확하다,Tepat, akurat
실제로,Sebenarnya
원하다,Ingin
상황,Kondisi
거부,Menyanggah, menolak
명시적인,Spesifik, eksplisit
의사 표현,Ekspresi kehendak
처벌,Hukuman
개념,Konsep, Gagasan
사업주,Pemilik perusahaan
상급자,Atasan
근로자,Pekerja
지위,Jabatan
이용하다,Menggunakan
업무,Pekerjaan
굴욕감,Penghinaan
혐오감,Rasa Tidak Suka
느끼다,Merasa
요구,Permintaan
발음,Pengucapan, Pelafalan
이유,Alasan
고용상,Pekerjaan
남녀고용평등법,Hukum Persamaan gender
행위자,Pelaku
수단,Media
매개,Penyebab
결과,Akibat
실시,Pemberlakuan
조치,Tindakan
분쟁,Pertikaian, bentrok
자율적,Mandiri
징계,Hukuman
구제,Rehabilitasi
확립,Penyelenggaraan
경고,Peringatan
견책,Teguran
정직,Skorsing
감봉,Potong gaji
해고,Pemberhentian, pecat
행정적,Administratif
책임,Tanggung jawab
민사,Perdata
도덕적,Moral
비난,Celaan
명예 손상,Pencemaran nama baik
성적 언동,Perbuatan Senonoh
해당하다,Relevan, tepat
경범죄,Perbuatan Kurang Baik
교통 위반,Pelanggaran lalu lintas
불법 체류,Tinggal secara ilegal
아무리 찾아도,Walaupun sudah dicari
망치,Palu
공구함,Kotak alat
박다,Menancapkan
나사못,Sekrup
드라이버,Obeng
더,Lebih
넣다,Memasukan
폰치,Tang
니퍼,Tang potong
플라이어,Tang cucut
끓다,Memotong
구부리다,Membengkokkan
절단하다,Memutus
펴다,Meluruskan
전기 드릴,Bor listrik
톱,Gergaji
스패너,Kunci pas
뚫다,Melubangi
자르다,Memotong
두드리다,Memalu
조이다,Mengencangkan
풀다,Melepaskan
못,Paku
볼트,Baut
너트,Mur
금방,Baru saja, beberapa saat
구멍,Lubang
벽,Tembok
일찍,Lebih awal
거래처,Klien
끝나다,Selesai
들여오다,Mendatangkan
전기 절단기,Pemotong elektrik
문제,Masalah
–던,Pernah
훨씬,Jauh lebih
부드럽다,Halus
그래도,Walaupun begitu
위험하다,Bahaya
한테,Kepada
용접붕,Pakan las
가져다주다,Membawakan
용접하다,Mengelas
얼른,Secepatnya
에어 콤프레서,Kompresor
전기 용접기,Mesin las elektrik
가스 용접기,Mesin las gas
밴딩기,Mesin Pengikat
호이스트,Kerek
컨트롤 판넬,Kontrol panel
핸드카,Alat pengangkut
전선 릴,Rol kabel
올리다,Menaikan
포장,Pengemasan, pembungkusan
무겁다,Berat
운반하다,Memindahkan
절곡기,Alat pemotong
굘속핸들,Penggulung kawat
쇠지레,Linggis
파이프 렌치,Kunci pipa
그라인더,Gerinda
대패,Ketam (pasah)
사포,Amplas
줄,Kikir
정,Pahat
송곳,Alat pelubang
바이스,Catok
롱노즈 플라이어,Tang cucut
점검하다,Mengecek
뚜껑,Penutup
제자리,Tempat semula
커터기,Pemotong Solasi
철근 절단기,Mesin Pemotong Besi
철근 절곡기,Mesin Pembengkok Besi
흙손,Sedok semen, sekop, Trowel
노루발못 뽑이,Penyukit
착유기,Mesin pemerah susu
끌개, 헤라,Kepi, Susruk
예초기,Mesin pemotong rumput
라디에이터,Radiator
히터,Hitter
공기 청정기,Alat pembersih udara dari debu/bakteri
기계,Mesin
목재,Kayu
자르다,Memotong
작동하다,Mengoperasikan
이걸,Benda ini
손잡이,Pegangan
안전 스위치,Tombol Keamanan
누르다,Menekan
전원 스위치,Tombol power
이렇게,Seperti ini
되네요,Bekerja dengan baik
위아래,Atas bawah
움직이다,Menggerakkan
시작하다,Mulai
돌리다,Memutar
끼우다,Memasang
꽂다,Menancapkan
빼다,Mencabut
걸다,Menggantungkan
적재하다,Memuat
글쎄요,Entahlah
작업,Pekerjaan
얼마나,Berapa
진행되다,Berlangsung
골판지,Kertas Karton
접다,Melipat
상자,Kotak
완성하다,Menyelesaikan
충분하다,Tersedia, cukup
남다,Tersisa
주문하다,Memesan
도착하다,Tiba
재다,Mengukur
자르다,Memotong
오리다,Menggunting
붙이다,Menempel
달다,Memasangkan
조절하다,Menyesuaikan
완성하다,Menyelesaikan
제작하다,Memproduksi
옮기다,Memindah
곧,Segera
소풍을 가다,Piknik
준비하다,Menyiapkan
수공구,Alat
확실하다,Mantap, tepat
작업물,Material
정확하다,Akurat
장착,Menggunakan
회전하다,Memutar
장갑,Sarung tangan
채로,Langsung
만지다,Menyentuh
연마,Menghaluskan
저속,Kecepatan rendah
벗다,Melepas
공회전,Diam
환전시키다,Berputar
맨손,Tangan kosong
선반,Mesin bubut
상태,Kondisi
확인하다,Mengecek
칼,Pisau
종이,Kertas
냄비,Panci
얼마 안 되다,Belum lama
부피,Ukuran
형광등,Lampu neon
작업,Pekerjaan
알려 드리다,Memberitahu
거푸집,Cetakan
반석,Pondasi
설치하다,Merangkai
철근 조립하다,Besi, Merakit
저희,Kita
먼저,Terlebih dahulu
옮기다,Memindahkan
반장,Mandor
보고하다,Melapor
바로,Langsung
그 후엔,Setelah itu
건설,Konstruksi
공사장,Tempat konstruksi
벽돌,Batu bata
시멘트,Semen
콘크리트,Adonan semen
비계,Scafold
건물을 짓다,Membangun gedung
땅을 파다,Menggali tanah
타설하다,Menuangkan
달다,Mengangkat
저쪽,Arah itu
만들다,Membuat
내일,Besok
납품하다,Mengirim
포장하다,Membungkus
대리님,Pimpinan
크기별,Berdasarkan ukuran
분류하다,Memisahkan
따로,Secara terpisah
확인하다,Mengecek
대자,Kardus besar
중자,Kardus sedang
소자,Kardus kecil
주문서,Formulir pemesanan
담다, 넣다,Memasukan
묶다,Menalikan
나르다,Memindahkan
쌓다,Menumpuk
싣다,Memuat
내리다,Menurunkan
출하하다,Memberangkatkan
거래처,Klien
지게차,Forklift
짐,Barang muatan
움직이다,Menggerakan
크레인(기중기),Mesin Derek
무겁다,Berat
수평,Horisontal, Arah Datar
이동시키다,Memindah
화물차 (트럭),Truk pengangkut
화물,Muatan
실어 나르다,Mengangkut
굴착기,Alat pengeruk
땅, 암석,Tanah, Batuan
따위,Sejenis
파내다,Menggali
처리하다,Mengatur
불도저,Buldozer
흙,Gundukan, tanah liat
밀다,Mendorong
다지다,Mengeraskan
지면,Permukaan
고르다,Memilih
평평하다,Meratakan
트락터,Traktor
농기계,Alat pertanian
끌다,Menarik
덤프트럭,Dumptruk
자갈,Kerikil
모래,Pasir
석탄,Batubara
그레이더,Grader, Perata
땅바닥,Permukaan tanah
깎다,Meratakan
레미콘,Truk pengaduk semen
굳다,Mengeras
개다,Mencampur
개씩,Setiap
건축 폐자재,Pendaur ulang limbah konstruksi
소각장,Tempat pembakaran sampah
퇴비사,-
석면,-
썩다,Basi/busuk
페인트,Cat
냄새,Bau
엉망이다,Berantakan
정리,Merapikan
하나도,Satupun
퇴근하다,Pulang kerja
환풍기,Blower
돌리다,Memutar
환기,Ventilasi
작업 도구,Alat kerja
바로바로,Langsung
나중에,Nantinya
얼른,Secepatnya
치우다,Membersihkan
더럽다,Kotor
잘 되어 있다,Tertata rapi
심하다,Parah
소음,Suara
쾌적하다,Damai, tenang
버리다,Membuang
환기하다,Membuka ventilasi
열다,Membuka
시끄럽다,Berisik
분뇨,Kotoran hewan
쌓다,Menumpuk
하루,Sehari
지저분하다,Jorok
사모님,Istri Atasan
따로,Secara terpisah
분리하다,Memisahkan
곳,Tempat
폐기물,Limbah
시청,Balai kota
까다롭다,Rumit
처리하다,Mengatur
폐수,Limbah air
폐유,Limbah minyak
배설물,Urin hewan
손수레,Troli
일륜차,Gerobak sorong
사다리,Tangga
마대,Karung, Goni
바구니,Keranjang
비닐 끈,Tali plastik
실내 공기,Udara dalam ruang
동네,Desa, Kompleks
강물,Air sungai
환경,Lingkungan
낭비,Boros
안전사고,Kecelakaan kerja
예방하다,Mencegah
오랫동안,Dalam waktu lama
품질,Kualitas
생산 품종,Kualitas hasil produksi
변경되다,Pindah
생산하다,Memproduksi
손실,Kerugian
발전하다,Perkembangan
목적,Tujuan
본래,Asli
이외,Kecuali
알맞은,Yang benar
공구,Alat
준비하다,Menyiapkan
점검,Memeriksa
고장나다,Rusak
수리하다,Memperbaiki
주변,Lingkungan sekitar
다치다,Ter luka
보관하다,Menyimpan
구별하다,Membedakan
안전하다,Aman
떨어지다,Jatuh
밀폐 공간,Menyegel ruangan
전체 환기장치,Penyegaran udara menyeluruh
국소 배기장치,Sistem pembuangan gas/udara sebagian
괭이,Pangkur, Cangkul
챙기다,Menyiapkan
고구마,Ubi
캐다,Mencabut
호미,Cangkul, Skop
밭,Ladang
딱딱하다,Keras
상처가 나다,Muncul luka
조심하다,Hati-hati
창고,Gudang
얼른,Secepatnya
논,Sawah
농장,Lahan pertanian
과수원,Kebun buah
바닐하우스,Rumah Plastik
낫,Sabit
삽,Sekop
모종삽,Sendok semen
갈퀴,Garu sampah
쇠스랑,Garu
호스,Selang
물뿌리개,Penyiram tanaman
파종상자,Wadah bibit
농약 분무기,Penyemprot pestisida
경운기,Traktor
콤바인,Alat pemanen
옮기다,Memindah
고생,Susah, Menderita, Sukar, Sulit
비료,Pupuk
뿌리다,Menyebar
준비,Persiapan
모종,Bibit
심다,Menanam
쯤,Sekitar
자라다,Tumbuh
곡류,Jenis biji-bijian
벼,Padi
보리,Barli, Jawawut
밀,Gandum
콩,Kacang
키우다, 기르다, 재배하다,Memelihara
거두다, 수확하다,Memanen
따다,Memetik
씨앗,Bibit
거름,Pupuk kompos
잡초를 뽑다,Mencabut rumput liar
벌레를 잡다,Membasmi hama
농약을 치다,Menyemprot pestisida
덮다,Menutup
비닐,Plastik
농촌,Daerah
농사,Petani
지을,Penanaman musim dingin
가지,Terong
오이,Ketimun
호박,Buah labu
고추,Cabai
계속,Terus-menerus
또한,Dan juga
배추,Sawi putih
여름철,Musim panas
벼,Padi
농기구,Alat pertanian
김장,Proses pembuatan kimchi
수리하다,Memperbaiki
다음 해,Tahun depan
계획하다,Merencanakan
여러 가지,Berbagai macam
재배하다,Membudidayakan
잔디밭,Rumput
쑥갓을 (기르다 /키우다),memelihara/merawat tanaman yang berbau harum yang biasanya dimakan mentah (lalap)
지시,Perintah, petunjuk
신경 쓰다,Memikirkan, memperhatikan
바꾸다,Menukar, mengganti
사료,Pakan
소,Sapi
한테,Kepada
농협중앙회,Federasi Agrikultural Nasional
나오다,Muncul
추천하다,Rekomendasi
믿다,Percaya
불록해지다,Kembung
가스,Gas
우선,Pertama-tama
아무 것도,Apapun
수의사,Dokter hewan
고생,Menderita
토끼,Kelinci
양돈,Kandang Babi
양우,Kandang sapi
양계,Kandang ayam
축사,Kandang
먹이,Pakan
건초,Jerami
이쪽,Arah ini
깔다,Membereskan
시험,Ujian
최선을 다하다,Berusaha sekuat tenaga
미리미리,Pertama-tama
그물,Jaring
실수,Kesalahan
몇 번,Beberapa kali
어디 좀 봐,Coba saya lihat
단단히,Dengan Kuat
혼을 내다,Memberi teguran, memarahi
엉키다,Terlilit, Kusut, Kacau
다시,Lagi
제때,Tepat waktu
갈다,Mengganti
통발,Jebakan ikan
집어등,Lampu kapal
양망기,Jaring penangkap ikan
밧줄,Tali Tambang
쇠사슬,Rantai
고리,Kait
닻,Jangkar
도르래,Katrol
뜰채,Jaring kecil
낚시 바늘,Mata pancing
부자, 부표,Pelampung
바늘대,Jarum sulam
수중 펌프,Pompa selam
수경,Kacamata renang
갈퀴,Penggaruk, Garu
스티로품 상자,Sterofoam
지나다,Melewati
고장나다,Rusak
수리하다, 고치다,Memperbaiki
축산업,Industri peternakan
배합기,Mesin Pencampur pakan
투입하다,Memasukan
스키드로더,Traktor kotoran
폐기물,Limbah
지붕,Atap
점검하다,Mengecek
분뇨 탱크,Tangki Pembuangan kotoran
조작하다,Mengoperasikan
어업,Industri perikanan
물고기,Ikan
갯벌,Lumpur
조개,Kerang
낚지,Cumi-cumi
굴,Tiram
기르다,Memelihara, Membudidayakan
염전,Ladang Garam
생산하다,Memproduksi
소금,Garam
출고하다,Mengeluarkan
재고,Persediaan
기록하다,Mencatat
재고 파악,Mengerti Persediaan
중요하다,Penting
신경 쓰다,Mengawasi
얼마나 되다,Banyaknya
물류,Stok
냉동,Pendingin
컨테이너,Kontainer
입고하다,Menyetok
보관하다, 저장하다,Menyimpan
덮개를 덮다,Menutup dengan penutup
온도를 유지하다,Menjaga suhu
관리하다,Mengelola
모든,Semua
파손되다,Rusak
지난번,Sebelumnya
생각,Pikiran, ingatan
제대,Standar
결심하다,Memutuskan, menentukan
실천하다,Menerapkan
성공하다,Sukses
실수,Kesalahan
반대쪽,Arah sebaliknya
구멍을 뚫다,Melubangi
원목,Papan kayu (Sirap)
익다,Terbiasa
속상하다,Jengkel, Kesal
재단,Mengukur
금방,Segera, baru saja
재단하다,Mengukur
홈,Alur
연마하다, 샌딩하다,Menghaluskan
사포질하다,Mengamplas
도장하다,Melapisi
도색하다,Mengecat
줄자,Meteran
직각자,Penggaris siku
수평대,Pengukur kedataran
칭찬,Penghargaan, pujian
기타,Dan lain-lain
존경하다,Kerja yang bagus
주문,Pesanan
싣다,Memuat
가공하다,Melubangi
덕분에,Berkat
잊다,Lupa
착하다,Baik hati, Ramah
건강하다,Sehat
연락하다,Menghubungi
,
모서리,Pinggiran
맞추다,Meratakan
뻔하다,Hampir
큰일,Masalah besar
프레스 작업하다,Melakukan pekerjaan press
다치다,Terluka
기계,Mesin
워낙,Sangat
무겁다,Berat
방심,Ceroboh, payah
사고가 나다,Kecelakaan
집중하다,Fokus
특히,Khusus
딴생각하다,Melamun
구부리다,Membengkokan
찍어 내다,Mencetak
선반 기계,Mesin Bubut
갈다,Mengasah, Menghaluskan
도려내다,Memotong
파내다,Memahat
밀링 기계,Mesin Penggilingan, Mesin Milling
깎다,Memangkas
절단하다,Memotong
불꽃을 튀다,Percikan api
움직이다,Bergerak
가만히 있다,Diam
얼음,Es Batu
진정 시키다,Membius, Mengompres
손가락이 잘리다,Jarinya terpotong
끼이다,Terjepit
베이다,Tergores
데다,Terbakar
깔리다,Tertimpa
못에 찔리다,Tertusuk paku
유리가 박히다,Tertancap pecahan kaca
화상을 입다,Terbakar
찰과상을 입다,Luka lecet
가스에 중독되다,Keracunan gas
조각,Pecahan
밟다,Menginjak
붕괴 사고,Kecelakaan Rubuh
감전 사고,Kesetrum
추락 사고,Terjatuh dari ketinggian
누전 사고,Konslet
낙하 사고,Kejatuhan benda
폭발 사고,Kecelakaan ledakan
화재 사고,Kebakaran
가스 누출 사고,Kebocoran gas
발생,Terjadi
필요하다,Membutuhkan
소화기,Alat pemadam
비상벨,Bel darurat
비상구,Pintu darurat
방법,Cara
안전핀 뽑다,Mencabut pin pengaman
호스,Selang
불쪽으로 향하다,Mengarahkan ke arah api
손잡이,Pegangan
강하게 움켜쥐다,Menggenggam dengan Kuat
바람,Angin
방향 접근하다,Arah, Mendekat
아래로,Bawah
소화,Api
소화하다,Memadamkan
충분히,Secukupnya
불씨,Area api
남다,Tersisa
충전하다,Mengisi ulang
당하다,Menderita
,
보호구,Alat keamanan
모두,Semua
착용하다,Memakai
안전모,Helm pengaman
쓰다, 끼다, 신다,Memakai
안전장갑,Sarung tangan pengaman
끈,Tali
조이다,Mengencangkan
안전대,Tali pengaman
안전화,Sepatu pengaman
깜빡하다,Lupa
보호복,Pakaian kemanan
보안면,Pelindung wajah
용접면,Masker las
보안경,Kacamata pengaman
마스크,Masker
귀마개,Pelindung telinga
귀덮개,Penutup telinga
안전장화,Boot pelindung
목장갑,Sarung tangan kerja
기계에 감기다,Tersedot mesin
맨손,Tangan kosong
빼다,Melepas
얼른,Secepatnya
파편이 튀다,Terkena serpihan besi
부딪하다, 출동하다,Tabrakan
넘어지다,Jatuh
미끄러지다,Terpeleset
떨어지다, 추락하다,Jatuh dari ketinggian
구덩이에 빠지다,Jatuh ke lubang
맞다,Terkena
감전되다,Kesetrum
가스가 새다, 누출되다,Kebocoran gas
폭발하다,Meledak
불이 나다,Kebakaran
주의하다,Waspada
위험요소,Resiko bahaya
날아오다,Berterbangan
빛,Sinar
호흡기,Alat pernafasan
분진,Debu
물체,Benda, barang
전신,Seluruh tubuh
방사선,Radiasi
날카롭다,Tajam
종류,Jenis
산업안전보건법,Standar Kesehatan dan keselamatan kerja Internasional
다음과 같다,Seperti berikut
차광보안경,Kacamata penghambat cahaya
일반보안경,Kacamata pelindung biasa
가죽,Lapisan kulit
청력보호구,Pelindung telinga
잘연,Isolator
벨트식,Tali sabuk pengaman
안전그네식,Tali pengaman seluruh badan
방열,Tahan panas
전면,Seluruh wajah
반면,Masker biasa
송기마스크,Masker oksigen
에어라인마스크,Selang Masker oksigen
복합식,Baju Suplier oksigen
전동식,Respirator
고무제,Karet
정전기,Anti aliran listrik
발등,Sepatu pengaman ujung Kaki
화학물질,Zat kimia
산소 결핍증,Kekurangan nafas
,
근로자의 날,Hari buruh
기념하다,Memperingati
우수 사원,Karyawan berprestasi
추천 받다,Menerima rekomendasi
뽑히다,Terpilih
점검,Pemeriksaan
꼼꼼히,Dengan teliti
안전 수칙,Aturan keselamatan
규칙을 준수하다,Mematuhi Peraturan
살피다,Mengamati
주의하다,Memperhatikan
정비하다,Merawat
보수하다,Memperbaiki
개선하다,Meningkatkan
조치를 취하다,Mengambil tindakan
진행지다,Lancar
정기적,Teratur
안색,Raut wajah
야근하다,Lembur
틈틈히,Sesekali, berkala
입맛,Nafsu makan
챙기다,Menjaga
해치다,Merusak
표준 체중을 유지하다,Menjaga berat badan
유산소 운동을 하다,Melakukan aerobik
스트레칭을 하다,Melakukan peregangan
골고루 섭취하다,Mengkonsumsi makanan bergizi
청결을 유지하다,Menjaga kebersihan
휴식을 취하다,Beristirahat
기분 전환을 하다,Melakukan refreshing
건강 검진을 받다,Menerima cek medis
실내,Dalam ruang
온도차,Suhu
체온 절대,Suhu badan mutlak
밀폐되다,Kedap udara
공간,Ruang Kosong
종아리,Betis
뻗다,Menempatkan
허벅지,Paha
서다,Berdiri
오른팔,Lengan kanan
피다,Meregangkan
팔꿈치,Siku
옆구리,Bagian samping
양손,Kedua tangan
깍지를 끼다,Merentangkan
넘기다,Melampaui
당기다,Menarik
상체,Dagu
밀다,Mendorong
대강당,Aula
,
제조업,Manufaktur
쪽,Arah
잘됐네요,Ide yang bagus
뽑다,Merekrut
고용허가제,Sistem perijinan kerja
몇 년,Berapa tahun
취업 기간,Masa kerja
재계약을 하다,Memperpanjang kontrak kerja
신청하다,Mendaftar
건설업,Pekerjaan konstruksi
서비스업,Industri jasa
축산업,Industri peternakan
농업,Industri pertanian
어업,Industri perikanan
문의하다,Bertanya
알아보디,Mencari tahu
담당,Bertugas
계약 기간,Masa kontrak
자세히,Dengan jelas
한국어능력시험,Ujian EPSTopik
기출문제를 풀다,Menyelesaikan Try out
문제,Pertanyaan, Soal
각각,Masing-masing
점,Nilai
만점 기준,Total Nilai
넘다,Lebih
성적,Nilai
자격,Syarat
수업료,Biaya ujian
수험표,Kartu ujian
접수증,Kartu Pendaftaran
증명사진,Pas photo
성적표,Raport
합격하다,Lulus ujian
불합격하다,Tidak lulus ujian
공지,Pengumuman
점수,Nilai
성별,Jenis kelamin
구직신청분야,Jenis sektor industri
냉동창고업,Pekerjaan gudang penyimpanan
재쟁용 재료수집 및 판매업,Pengumpulan dan penjualan benda daur ulang
신문공고,Iklan koran
참고하다,Merujuk, Mengacu
구하다,Mencari
인력난,Ketenagakerjaan
겪다,Mengalami
합법적,Hukum
허가하다,Mengizinkan
절차,Prosedur
실시,Mengikuti
구직자,Pencari kerja
작성,Mengisi
송부,Mengirim
표준근로계약,Kontrak kerja
,
체결하다,Menandatangani
사전취업교육,Tes Prelim
사업자뱅치,Hadir di Lokasi kerja
배분,Penyebaran
선발과정,Pilihan
공정성.특정성,Jujur dan terbuka
조기 적응 유도,Pengendalian adaptasi lebih awal
이상 ,이하,Atas, Bawah
금고형,Penjara
범죄 경령,Pelanggaran hukum
과거,Masa lalu
강제퇴거 출국,Deportasi
제한,Batasan
결격사유,Alasan imigrasi
의사소통능력,Kemampuan komunikasi dasar
이해하다,Memahami
출독점,Nilai lebih dari
취득,Mendapat
순으로,Menurut
합격유효기간,Masa aktif sertifikat
발표일,Tanggal pengumuman
,
근로조건,Kondisi kerja
궁금하다,Penasaran
연장 근무,Kerja tambahan
휴일 근무,Kerja hari libur
만큼 수당,Sebanyak bonus
수습 기간,Masa training
휴게 시간,Waktu Istirahat
임금,Gaji
지급일,Hari gajian
지급 방법,Cara pembayaran
업무 내용,Daftar pekerjaan
제공하다,Menyediakan
부담하다,Menanggung
숙식,Asrama dan Makan
마음에 들어요,Suka
운,Nasib
계약을 하다,Mengontrak
근무지,Lokasi kerja
정하다,Menentukan
일단,Saat itu
알려 주다,Mengajari, memberi tahu
면접을 보다,Wawancara kerja
사업주,Pemilik perusahaan
취업자,Pekerja
고용하다,Mempekerjakan
취업하다,Bekerja
사인하다, 서명하다,Menandatangani
근무하다,Bekerja
업체 명,Nama perusahaan
퇴직하다,Berhenti kerja
해고하다,Memecat
한국가구,Perusahaan mebel Korea
신규,Baru
업무내용,Isi atau Keterangan pekerjaan
업종,Jenis pekerjaan
작업내용,Detail Pekerjaan
직무내용,Tugas
표준근로계약서,Surat kontrak kerja standar (SLC)
관한,Tentang
예방하다,Mencegah
권익,Hak
보호하다,Melindungi
위하다,Untuk, Bagi
서식,Format
상호,Saling
담다,Membahas
협의 하,Persetujuan
결정하다,Memutuskan
설정하다,Mengatur
대로,Menurut
기재하다,Berdasarkan
생략,Menyingkat, Menyesuaikan
최저임금,Gaji pokok (UMR)
높다,Naik, tinggi
항목,Detail, Mengenai
제공하다,Menyediakan
비용,Biaya
부담하다,Menanggung
명시적,Terperinci
체결,Penandatanganan
절차,Prosedur
입국하다,Masuk negara
한국산업인력공단,HRD Korea
도입직원,Pekerja baru
대행하다,Menyelenggarakan
가지고 있다,Membawa
작성하다,Membuat
지급하다,Membagikan
,
입국 신고서,Surat laporan masuk
예정,Keputusan
증, 비자,Visa
유효 기간,Masa kadaluarsa
발급,Penerbitan
통역,Penerjemahan
입국 심사를 받다,Menjalani pemeriksaan masuk
입국이 금지되다,Dilarang masuk negara
치업 교육을 받다,Menerima pendidikan kerja
작업장을 배치하다,Penempatan di tempat kerja
목적,Tujuan
체류 기간,Masa tinggal
배치,Penempatan
얼마 안 남다,Sudah habis
신분,Identitas
보장,Jaminan
외국인 등록하다,Terdaftar sebagai WNA
간단하다,Sederhana
이내,Dalam waktu
출입국 관리사무소,Imigrasi
장,Lembar
사업자 등록증,Identitas pekerja
수수료,Biaya
만료되다,Kadaluarsa
갱신하다,Memperbarui
사실,Kenyataan, fakta, Sebenarnya
사본,Fotocopy
번호표를 뽑다,Mengambil nomor antrian
지문을 등록하다,Mendaftarkan sidik jari
신청서,Formulir pendaftaran
초과하다,Melebihi
체류하다,Tinggal
대하여,Tentang
장기,Jangka panjang
정확히,Dengan benar
파악하다,Memahami
행정시책,Resmi
반영하다,Mencerminkan
국제법상,Hukum internasional
대상,Anggota
상실하다,Kehilangan
취득하다,Memperoleh, mendapat
출생하다,Lahir
반드시,Harus
변경하다,Pindah
허가,Ijin
출장소,Kantor cabang, kantor dinas
서류,Dokumen
비전문 취업,Kerja nonprofessional
,
상해 보험,Asuransi kecelakaan
당연하다,Tentu saja
가입하다,Mendaftar
산재 보험,Asuransi kecelakaan kerja
업무 상 재해,Kecelakaan kerja
질병,Sakit parah
그렇구나,Begitu
보험료를 내다, 납입하다,Membayar biaya asuransi
상해,Kecelakaan
장해,Cacat
사망,Kematian (Nomina)
보상을 받다,Menerima ganti rugi
보험금을 환급 받다,Menerima pengembalian asuransi
만기가 되다,Kadaluarsa
소멸되다,Kehilangan
혹시,Mungkin
지원 받다,Menerima bantuan
말씀해 주다,Bicaralah
연마 작업,Pekerjaan menghaluskan
사고 나다,Kecelakaan
다행이다,Syukurlah
진료 기록,Laporan medis
작성,Mendata, Mengisi
진단서,Surat diagnosa
보험금을 청구하다,Menagih, Mengklaim asuransi
지급 심사를 받다,Menerima pemeriksaan pembayaran
보험금을 지급하다,Membayar asuransi
보험금을 타다,Menerima klaim asuransi
청구서,Surat tagihan
영수증,Nota
내역서,Surat perincian
병원비,Biaya rumah sakit
치료비, 요양비,Biaya perawatan
휴업 급여,Gaji sementara
장해 보상금,Ganti rugi cacat
도입 목적 근거,Tujuan pengenalan / Dasar
납부,Membayar
사유,Alasan
부담 완화,Meringankan beban
조,Pasal
효력,Berlaku
적립,Akumulasi
이탈,Melanggar
근무하다,Bekerja
제외,Kecuali
충당,Membayarkan
자진,Sukarela
강제,Memaksa
퇴거,Resesi
임금 체불,Penunggakan gaji
이 중에서,Di antaranya
실업,Menganggur
촉진,Peningkatan
안정,Keamanan
재취업,Memperkerjakan kembali
요양,Medis
재활,Pemulihan
진단,Diagnosa
증진,Peningkatan
국민,Pensiun
노령,Usia tua
당사자,Pihak
유족,Keluarga terkait
이외,Kecuali
대비,Mengatasi
중소기업,Perusahaan kecil dan menengah
근로감독과,Lembaga pengelola ketenagakerjaan
평균,Standar
전부,Keseluruhan
청구하다,Mengajukan, menagih
장애,Cacat
사망,Meninggal
,
월급,Gaji
생각보다,Daripada dipikirkan
금액,Jumlah
각종,Masing-masing
임금,Gaji
세금하다,Membayar pajak
만큼,Sebanyak
급여 명세서,Slip gaji
실수령액, 실제로,Total pendapatan / Sebenarnya
급여 내역,Detail gaji
기본급,Gaji pokok
세금,Pajak
식대,Uang makan
총액,Jumlah
공제하다,Memotong
상여금,Bonus
퇴직금,Pesangon
국민연금,Uang pensiun
연말정산,Pengembalian pajak
주민세,Pajak penduduk
소득세,Pajak penghasilan
부분,Bagian
계산하다,Menghitung
기준,Standar
야근하다,Lembur
수당,Bonus/Tunjangan
부자 되다,Bisa kaya
법정 연장,Resmi
야간,Tambahan / Kerja malam
근무 시간,Waktu kerja
포함되다,Hari libur / Termasuk
별도로 지급하다,Membayar terpisah
가불하다,Pembayaran lebih awal
시급,Gaji per jam
일당,Gaji harian
최저임금,Gaji minimal (UMR)
경리과,Lembaga keuangan
공제,Potongan
세금,Jumlah pajak
대한,Tentang
개설하다,Menerapkan
책정되다,Menentukan
배,Kali lipat
대략,Garis besar
보장하다,Menjamin
제도,Sistem
더하다,Menambah
공제되다,Dipotong
가불,Pinjaman
괴장히,Sangat
따라서,Misalnya
계획하다,Merencanakan
아무도,Siapapun
눈치를 보는 중,Sedang memperhatikan
일반적으로,Pada umumnya
는 편이다,Cenderung
휴가를 내다,Menyerahkan liburan
유급 휴일,Liburan digaji
무급 휴일,Liburan tidak digaji
법정 휴일,Libur resmi
약정 휴일,Liburan berdasarkan kontrak
연차 휴가,Cuti tahunan
출산 휴가,Cuti hamil
지불되다,Dibayar
병가,Ijin sakit
심하다,Parah
가급적,Sesegera mungkin
제출하다,Menyerahkan
사유,Alasan
소속,Hitungan
직위,Jabatan / Posisi
비상 연락처,Nomor darurat
통원 치료를 하다,Menjalani rawat jalan
입원을 하다,Menjalani rawat inap
조퇴하다,Pulang lebih awal
결근하다,Tidak masuk kerja / Absen
무단결근하다,Tidak masuk kerja tanpa izin / Membolos
근로 기준법,Hukum dasar ketenagakerjaan
규정된,Ditentukan
조,Pasal
단체,Kelompok / Organisasi
협약,Persetujuan
시행하다,Menyelenggarakan
노사,Karyawan
당사자,Partai
사항,Detail / Poin
준수하다,Mengikuti / Mematuhi
구분,Klasifikasi
주휴일,Liburan mingguan
생리 휴가,Cuti haid
산전.후 휴가,Cuti sebelum dan sesudah melahirkan
회사 창리입,Hari pendirian perusahaan
의무,Kewajiban / Tanggung jawab
의거,Patokan / Dasar
면제되다,Dibebaskan
평균,Standar / Rata-rata
이상,Atas
이와 달리,Selain itu
진단서,Surat diagnosa
안색,Raut wajah
옮기다,Pindah
사정,Situasi
문을 닫다,Tutup
변경 신청서,Formulir pendaftaran pindah
생각해 주다,Memikirkan
섭섭하다,Sedih (untuk orang lain)
다면서,Kabarnya / Katanya tapi
이내,Dalam waktu
만료되다,Habis / Kadaluarsa
해지되다,Membatalkan
갱신하다,Memperbarui
개신을 거절하다,Menolak perpanjangan
변경 사유,Alasan pindah
임금을 체불하다,Menunggak gaji
휴업하다,Tutup sementara
폐업하다,Bangkrut
폭어를 하다,Mengeluarkan kata kasar
폭행하다,Melakukan penganiayaan
사업장 추가,Tambahan tempat kerja
운영하다,Mengelola
달째,Bulan
아무래도,Bagaimanapun juga
걱정,Khawatir
일시,Sementara
출국하다,Pulang ke negara asal
재입국하다,Kembali masuk negara tujuan
한창,Musim
말 꺼내다,Mengungkapkan
조기 귀국하다,Pulang ke negara asal lebih awal
개인 사정,Situasi / kondisi pribadi
집안 사정,Kondisi / situasi keluarga
병환,Sakit parah
재입국 허가 신청서,Surat ijin kembali masuk negara
동의서(허가서),Formulir surat ijin
출국 예정 신고서,Surat laporan keputusan keberangkatan
원할,Kondisi tertentu
개인적인,Pribadi
업체명,Nama perusahaan
연수생 인적 사항,Data pribadi
개시,Permulaan / Awal
원칙,Prinsip dasar
다만,Hanya saja
정상적인,Wajar / Normal
지속,Kesinambungan / Meneruskan
인정되다,Diakui
기본적인 인권,Hak asasi manusia
보장하다,Menjamin
예외적,Terkecuali
최대,Maksimum
허용하다,Mengizinkan
정당하다,Memberlakukan / Memutuskan
책임,Kewajiban / Tanggung jawab
사회 통념상,Permasalahan sosial / Norma sosial
계속하다,Meneruskan
인정하다,Mengakui
고용노동부 장관,Departemen ketenagakerjaan
고시하다,Mengumumkan
부적합하다,Tidak cocok
종료하다,Habis
소재지 제출하다,Lokasi / Menyerahkan
재취업을 하다,Kembali kerja
첨부하다,Menambahkan / Melampirkan
,
연장하다,Memperpanjang
재계약하다,Memperbarui kontrak kembali
체류 기간,Masa tinggal
자동으로,Otomatis
따로,Secara terpisah
허가,Ijin
만료,Kadaluarsa
고용 지원 센터,Pusat Bantuan Ketenagakerjaan
체류하다,Tinggal
체류 가능 기간,Jangka waktu dibolehkan tinggal
변경 가능 횟수,Hitungan kemungkinan pindah
체류지 입증 서류,Dokumen bukti tinggal
자진 출국 각서,Surat keberangkatan sukarela
임대차 계약서,Surat sewa
신원 보증서,Surat jaminan karyawan
취업 활동 기간 연장 신청서,Formulir pengajuan perpanjangan masa kerja
구직등록필증,Sertifikat pengajuan pencarian kerja / Kartu Kuning
나와 있다,Muncul
뒷면,Bagian belakang
적혀 있다,Tercatat
증빙하다,Membuktikan
안 보이다,Tidak terlihat
자격,Syarat
이것저것,Banyak hal
갱신하다,Memperbarui
불법 체류,Tinggal secara ilegal
벌금,Denda
합법 체류,Tinggal secara legal
체류 자격 외 활동,Melakukan kegiatan di luar status tinggal
자격을 부여하다,Diberikan status
자격을 획득하다,Mendapat alih status
변경하다,Pindah / Ganti
추방되다,Dideportasi
강제 출국을 당하다,Dipulangkan paksa
자진 출국하다,Berangkat secara sukarela
범위내,Batas
통 시간,Sisa waktu
스스로,Oleh diri sendiri
기억하다,Mengingat
등록증재발급,Penerbitan ulang kartu registrasi
신청인,Pendaftar
접수,Penerimaan / Pendaftaran
삼사,Keputusan
불허,Ditolak
범칙금,Denda
대리인,Atasan / Wakil
,
출입금지,Dilarang masuk
보행금지,Dilarang melintas
화기금지,Dilarang menyalakan api
인화성 물질 경고,Peringatan zat mudah terbakar
산화성 물질 경고,Peringatan zat mudah teroksidasi / melebur
폭발성 물질 경고,Peringatan zat mudah meledak
급성독 물질 경고,Peringatan zat beracun
방사선 물질 경고,Peringatan zat radioaktif
고압 전기 경고,Peringatan listrik tegangan tinggi
매달린 물체 경고,Peringatan benda tergantung
낙하물 경고,Peringatan benda jatuh
고온 경고,Peringatan temperatur tinggi
저온 경고,Peringatan temperatur rendah
몸균형 상실 경고,Awas kehilangan keseimbangan
위험 장소 경고,Awas area berbahaya
제조업,Industri manufaktur
안전 수칙,Aturan keamanan
끼임 재해,Kecelakaan terjepit
직선운동,Arah atas-bawah
설비,Fasilitas
끼임,Terjepit
회전부,Benda berputar
고정물체,Benda yang terhubung
물림점,Titik tengah
화전체,Benda berputar
돌기부,Benda bergerigi
감기다,Masuk / Terjepit
인력 운반,Memindahkan dengan tenaga manusia
취급,Beroperasi
바닥,Lantai
미끄러짐,Terpeleset
돌출물,Benda
운송수단,Jalur transportasi
설비,Fasilitas
부닷힘,Tabrakan
고속,Kecepatan tinggi
구르다,Menggelinding
흔들리다,Bergerak
차량,Kendaraan
맞임,Terkena / Tertimpa
중량물,Berat
연삭기,Gerinda
선반,Mesin bubut
원심기,Benda berputar
내압,Tekanan dalam
용기부품,Alat
보관되다,Tersimpan
고온,Temperatur tinggi
고압,Tekanan tinggi
비산,Kecipratan
고류아크용접,Mesin las listrik
감전,Kesetrum
지붕수리,Atap yang sedang diperbaiki
저장탱크,Tangki penyimpanan
화재,Kebakaran
에어조끼,Jaket oksigen
화상,Terbakar
연료통,Tangki bahan bakar
절단,Memotong
작업병,Penyakit / Luka saat bekerja
질환,Penyakit
노출되다,Menimpa
유해,Terluka
인자,Faktor
전형적인,Peresmian
요인,Faktor utama
악화되다,Memburuk
구분되다,Terbagi
소음성 난청,Gangguan pendengaran
영구적,Permanen
청력,Gangguan
손실되다,Kehilangan
이명,Dengung di telinga
증가,Meningkatnya
면역체계,Imunitas tubuh
부주의 유발하다,Ketidak pedulian
건강 장해,Berpengaruh / gangguan kesehatan
에너지,Energi
이온화시키다,Ionisasi
전리 방사선,Zat radioaktif
수준,Tingkat
낮다,Rendah
지속적,Berkelanjutan
반복적,Berulang
영향,Efek
비전리 방사성,Zat minim radiasi
백혈병,Leukimia
갑상선암,Kanker kelenjar getah bening
유방암,Kanker payudara
폐암,Kanker paru-paru
뼈암,Kanker tulang
피부암,Kanker kulit
,
올바르게,Dengan benar
양호하다,Memasang
부착,Mengaitkan
상태,Kondisi normal
이루어지다,Mewujudkan
충분히,Cukup
의견 교환,Komunikasi
동바리,Pilar / Tiang
순서,Rapi
준수하다,Menyusun
진행되다,Kemajuan
구조,Struktur
검토,Pemeriksaan
방지,Perlindungan
적성,Tes
갱품,Scaffold / Andang
확보,Cek
단부,Rel
수직 보호망,Jaring pengaman
통로,Pijakan / Jalur
양중기,Alat berat
신호수,Petugas sinyal
내외부,Bagian dalam dan luar
외력,Faktor eksternal
견고하다,Kokoh
발판,Papan pijakan
철근,Besi
발끝막이판,Papan pelindung kaki
주변,Kelengkapan
찔리다,Tertusuk
밀실하다,Jarak sempit
가공,Melubangi
절곡기,Mesin pembengkok
바르게,Dengan benar
콘크리트,Adonan semen
고압 가공 전선,Struktur kabel tegangan tinggi
벽체-기둥-보-슬래브-거푸집 동바리 조립,Struktur tembok-Tiang utama-Balok penyangga-Lempengan atap-Rangkaian tiang konstruksi
타설,Penuangan
유무,Keberadaan
감시하다,Memeriksa
비산물,Barang yang beterbangan
배치되다,Siap di posisi
감시자,Pengawas
펌프카,Mobil pemompa semen
지반 침해방지,Sediakan fondasi tanah
아웃리거,Pasang outrigger
올바르게,Dengan benar
배관,Saluran pipa
경로,Pemasangan
적정하다,Pas / Sesuai
중량물,Benda berat
인양 장비,Alat pengangkut
능력,Kemampuan
부착 설비,Fasilitas pemasangan
부착하다,Memasang
이동 통로,Jalur perpindahan
철골 작업 하부,Pekerjaan rangkaian baja / Bagian lebih rendah
진행되다,Kemajuan
승강 설비,Fasilitas tangga naik turun
인양되다,Terangkat
부재,Sementara
해체하다,Memisahkan
양호하다,Baik-baik saja
조정,Penggabungan / Kelompok
미장,Merapikan / Menghaluskan
무너지다,Ambruk / Roboh
조적 벽체,Tembok baru
일일작업량,Pekerjaan harian
준수하다,Mematuhi
피부 손상,Kulit tangan
방지하다,Melindungi
기 위한,Untuk
발판,Scaffold
적절하다,Cocok
주변,Lingkungan sekitar
인접개구부,Alat – alat di sekitar
블록,Blok
조적중,Sedang dalam pengerjaan
벽체,Struktur tembok
도장,Pengecatan
달기로프,Tali gantung
파손되다,Rusak
구명줄,Tali pengaman
길이,Panjang
만큼,Cukup / Sebanyak
지면,Permukaan tanah
충분하다,Cukup
이루어지다,Mewujudkan
외부,Bagian luar
화학물질,Zat kimia
취급하다,Menangani
불침투성,Tahan panas
닿다,Menyentuh
회소화,Minimum
가동하다,Beroperasi
유해,Beracun
적합하다,Sesuai
호흡용,Pernafasan
섭취하다,Membawa
전과,Keseluruhan
의심되다,Meragukan
증상,Gejala penyakit

인근,Tetangga terdekat







