가계부, Catatan keuangan rumah tangga
가구점, Toko furnitur
가까이, Dekat
가꾸다, Menanam/merawat
가난, Kemiskinan
가늘다, Tipis/ramping
가능, Kemungkinan / potensi
가능성, Kemungkinan
가능하다, Bisa / memungkinkan
가득, Penuh
가라앉다, Tenggelam
가렵다, Gatal
가루비누, Sabun bubuk
가리다, Membedakan
가리키다, Menunjuk / menunjukkan
가만히, Diam-diam / tanpa bergerak
가뭄, Kekeringan
가사, Pekerjaan rumah tangga
가상, Virtual / maya
가스, Gas
가습기, Pelembap udara
가입, Pendaftaran / keanggotaan
가전제품, Alat elektronik rumah tangga
가정, Keluarga / rumah tangga
가족적, Bersifat kekeluargaan
가축, Ternak
가치, Nilai
각각, Masing-masing
각자, Tiap orang / masing-masing
각종, Berbagai jenis
간격, Jarak / interval
간절히, Dengan sungguh-sungguh
간접적, Secara tidak langsung
간판, Papan nama
간호, Keperawatan
갈다, Mengganti
갈등, Konflik
갈수록, Semakin lama semakin...
갈아입다, Ganti pakaian
감각, Indra / perasaan
감기다, Terbelit / melilit
감독, Sutradara / pengawas
감동적, Mengharukan
감상, Apresiasi / penghargaan seni
감소, Penurunan / pengurangan
감정, Emosi / perasaan
감탄, Kekaguman
강물, Air sungai
강변, Tepi sungai
강사, Pengajar / instruktur
강수량, Curah hujan
강연, Ceramah
강우량, Jumlah curah hujan
강의, Kuliah
강의실, Ruang kuliah
강조, Penekanan
강하다, Kuat
갖추다, melengkapi
갚다, Membayar kembali / membalas
개강, Awal perkuliahan
개구리, Katak
개구쟁이, Anak nakal
개다, Cerah (setelah hujan)
개막식, Upacara pembukaan
개발, Pengembangan
개방, Pembukaan / keterbukaan
개방적, Bersifat terbuka
개선, Perbaikan
개성, Kepribadian / ciri khas
개성적, Berkarakter / khas
개인적, Pribadi
개최, Penyelenggaraan (acara)
객관적, Objektif
객실, Kamar tamu / kamar hotel
갸름하다, Lonjong / ramping
걔, Orang itu / dia (informal)
갈등, Konflik
거래, Transaksi
거미, Laba-laba
거북이, Kura-kura
거스름돈, Uang kembalian
거절, Penolakan
거짓, Kebohongan
거치다, Melalui / melewati
거품, Buih / gelembung
걱정거리, Kekhawatiran
건강식, Makanan sehat
건강식품, Produk makanan sehat
건너, Sebrang / di seberang
건네다, Menyerahkan / memulai percakapan
건더기, Isi padat (dalam sup)
건망증, Pelupa / lupa ingatan
건설, Konstruksi / pembangunan
건전지, Baterai
건조, Kering
건축, Arsitektur
건축가, Arsitek
걸레, Kain lap
걸레질, Mengepel / mengelap
걸음, Langkah
검다, Hitam
검사, Pemeriksaan
검색, Pencarian
검색어, Kata pencarian
겁, Rasa takut
겉, Luar / permukaan
겉모습, Penampilan luar
게다가, Selain itu / ditambah lagi
게시판, Papan pengumuman
게으르다, Malas
게임기, Mesin permainan
겨우, Hampir saja / akhirnya
격려, Dorongan / penyemangat
겪다, Mengalami / melewati
견디다, Bertahan / menahan
결과적, Sebagai hasil
결국, Akhirnya
결론, Kesimpulan
결말, Akhir cerita
결석, Ketidakhadiran
결심, Tekad / keputusan hati
결코, Sama sekali tidak / tak pernah
결혼기념일, Hari peringatan pernikahan
결혼식장, Gedung pernikahan
겸손, Kerendahan hati
겹치다, Tumpang tindih
경고, Peringatan
경력, Pengalaman kerja / karier
경비, Keamanan / biaya jaga
경비원, Petugas keamanan / satpam
경영, Manajemen
경영자, Pengusaha / manajer / CEO
경영학, Ilmu manajemen bisnis
경우, Kasus / situasi
경쟁, Persaingan
경쟁력, Daya saing
경제, Ekonomi
경제력, Kekuatan ekonomi
경제적, Bersifat ekonomis / ekonomis
경제학, Ilmu ekonomi
계산, Perhitungan / akuntansi
계산대, Kasir
계산서, Nota / tagihan
계약, Kontrak
계약금, Uang muka
계약서, Surat kontrak
계좌, Rekening bank
계층, Lapisan sosial / hierarki
계획성, Sifat terencana
계획적, Terencana / sesuai rencana
고개, Kepala / bukit kecil
고객, Pelanggan / klien
고구마, Ubi jalar
고궁, Istana tradisional Korea
고급, Berkualitas tinggi / mewah
고래, Paus
고마움, Rasa terima kasih
고무신, Sepatu karet
고무줄, Karet gelang
고민, Kekhawatiran
고백, pernyataan (cinta)
고생, Kesulitan / penderitaan
고소하다, Memiliki rasa gurih / kacang
고속, Kecepatan tinggi
고속도로, Jalan tol
고아원, Panti asuhan
고유하다, Unik / khas
고지서, Surat tagihan / pemberitahuan pembayaran
고집, Kegigihan / keras kepala
고춧가루, Bubuk cabai
고층, Lantai atas
고통, Rasa sakit / penderitaan
곤란, Kesulitan / kerepotan
골고루, Merata / seimbang
골목길, Gang kecil
골치가 아프다, Membuat pusing / menyusahkan
곰, Beruang
곱슬머리, Rambut keriting alami
곳곳, Di mana-mana / berbagai tempat
공공요금, Biaya umum
공공장소, Tempat umum
공동, Bersama / gabungan
공동생활, Kehidupan bersama
공사, Konstruksi / pembangunan
공손하다, Sopan
공장, Pabrik
공주, Putri
공통, Kesamaan
공통점, Titik kesamaan
공포, Ketakutan
공해, Polusi
과로, Kelelahan akibat kerja berlebihan
과목, Mata pelajaran
과소비, Pemborosan / konsumsi berlebihan
과속, Pelanggaran kecepatan
과식, Makan berlebihan
과연, Ternyata / sesuai dugaan
과외, Pelajaran tambahan / les privat
과음, Minum alkohol berlebihan
과장, Manajer / kepala bagian
과장하다, Melebih-lebihkan
과정, Proses
과제, Tugas
과학자, Ilmuwan
과학적, Bersifat ilmiah
관객, Penonton
관계없다, Tidak berhubungan
관계자, Pihak terkait / orang yang bersangkutan
관광, Pariwisata
관광객, Wisatawan
관광지, Tempat wisata
관람, Menonton / melihat pertunjukan
관람객, Penonton (pertunjukan)
관련, Hubungan / kaitan
관련성, Relevansi
관리, Pengelolaan / manajemen
관리실, Ruang pengelola
관용어, Ungkapan idiomatik / idiom
관찰, Pengamatan
광장, Alun-alun / lapangan terbuka
괜히, Tanpa alasan / sia-sia
괴로움, Penderitaan / kesakitan batin
괴로워하다, Merasa tersiksa / menderita
괴롭다, Menyakitkan / menyiksa
괴롭히다, Mengganggu / menindas
굉장하다, Hebat / luar biasa
굉장히, Sangat / luar biasa
교사, Guru
교외, Pinggiran kota / luar kota
교육, Pendidikan
교육자, Pendidik
교육학, Ilmu pendidikan
교재, Bahan ajar
교통수단, Alat transportasi
교통편, Sarana transportasi
교포, Warga negara yang tinggal di luar negeri
교환, Pertukaran
구두쇠, Orang pelit
구르다, Berguling
구매, Pembelian
구멍, Lubang
구별, Perbedaan / pembeda
구분, Klasifikasi
구성, Komposisi / susunan
구이, Panggang / grill
구인, Lowongan pekerjaan
구입, Pembelian
구조, Struktur
구조대, Tim penyelamat
구체적, Bersifat spesifik / konkrit
국가, Negara
국그릇, Mangkuk sup
국내선, Penerbangan domestik
국문학, Sastra nasional
국물, Kuah sup
국민, Warga negara / rakyat
국악, Musik tradisional Korea
국외, Luar negeri / warga luar negeri
국제결혼, Pernikahan internasional
국제선, Penerbangan internasional
국화, Krisan
군대, Tentara / militer
군데, Tempat / lokasi
굵다, Tebal
궁금증, Rasa ingin tahu / penasaran
궁금하다, Ingin tahu / penasaran
권하다, Menyarankan / menawarkan
귀걸이, Anting
귀국, Kembali ke negara asal
귀신, Hantu
귀중하다, Berharga / penting
귀찮다, Merepotkan / menyusahkan
귀하다, Mulia / langka / berharga
규칙적, Teratur / rutin
그네, Ayunan
그녀, Pacar perempuan
그늘, Bayangan / tempat teduh
그대로, Begitu saja
그래도, Namun / tetap
그래야, Supaya / agar
그래프, Grafik
그러니, Oleh karena itu / jadi
그러다가, Lalu / kemudian
그러므로, Oleh sebab itu / maka
그러자, Lalu / kemudian
그러하다, Begitu / seperti itu
그루, Pohon (satuan) / tunggul
그리, Begitu / sangat
그리워하다, Merindukan
그리하여, Maka dari itu / kemudian
그림책, Buku gambar
그립다, Dirindukan / membuat rindu
그만두다, Berhenti / menyerah
그만큼, Sebanyak itu / segitu
그저, Hanya / begitu saja
근데, ngomong-ngomong
근로자, Pekerja / buruh
근무, Kerja / tugas
근육, Otot
글쎄, Entahlah / hmm
글쓴이, Penulis
글씨, Tulisan tangan / huruf
글자, Huruf / karakter
긁다, Menggaruk
금, Emas
금메달, Medali emas
금액, Jumlah uang
금지, Larangan / dilarang
급히, Dengan tergesa-gesa
긍정적, Bersikap positif / afirmatif
기계, Mesin
기념, Peringatan 
기념관, Gedung peringatan
기념일, Hari peringatan 
기념품, Souvenir 
기능, Fungsi
기다, Merayap
기대, Harapan 
기도, Doa
기둥, tiang
기록, Catatan 
기본, Dasar 
기본적, Bersifat dasar
기부, Donasi 
기쁨, Kebahagiaan
기술, Keterampilan
기술자, Teknisi
기억, ingatan
기억나다, Teringat
기억력, Daya ingat / memori
기업, Perusahaan / korporasi
기업인, Pengusaha
기운, Energi / semangat
기울이다, Miringkan 
기준, Standar
기차역, Stasiun kereta
기차표, Tiket kereta
기초, Dasar 
기행문, Catatan perjalanan 
기호, Simbol
기혼, Sudah menikah
기회, Kesempatan 
기후, Iklim 
긴장감, ketegangan
길가, Pinggir jalan
길거리, Jalanan
길이, Panjang
김장, Proses membuat kimchi
깊다, Dalam
깊이, Kedalaman
까다, Mengupas
까다롭다, Sulit / rumit
깔다, Menyebar 
깜빡, Lupa sekejap / berkedip
깨끗이, Bersih 
깨닫다, Menyadari
깨뜨리다, Memecahkan
깨소금, Garam wijen
깨우다, Membangunkan seseorang
깻잎, Daun wijen
꺼지다, Padam / mati
껍질, Kulit / lapisan
꼬리, Ekor
꼬박꼬박, Tepat waktu
꼭대기, Puncak 
꼴찌, Posisi terakhir 
꼼꼼하다, Teliti 
꼼꼼히, Dengan teliti 
꽃병, Vas bunga
꽤, Cukup 
꾸미다, Menghias 
꾸준히, konsisten
꾸짖다, Menegur 
꿀, Madu
꿀벌, Lebah madu
꿈꾸다, Bermimpi
끈, Tali 
끊다, Memotong 
끊어지다, Terputus
끊임없다, Tidak berhenti 
끌다, Menarik 
끝내, Akhirnya 
끼어들다, Menyela 
나날이, Hari demi hari 
나들이, Jalan-jalan 
나머지, Sisa 
나물, Sayuran berbumbu ala Korea
나뭇잎, Daun
나서다, Maju 
나아가다, Melanjutkan 
나아지다, Membaik 
나타내다, Menampilkan 
낙서, Coretan 
낙엽, Daun gugur
난로, Tungku 
난방, Pemanas
날개, Sayap
날다, Terbang
날로, Hari demi hari
날리다, Ditiup 
날씬하다, Langsing 
날아가다, Terbang pergi
날아다니다, Terbang kesana kemari
날아오다, Terbang masuk 
날아오르다, Terbang ke atas 
낡다, Tua 
남녀노소, Semua umur 
남녀평등, Kesetaraan gender
남다, Tersisa 
남부, Bagian selatan
남성, Laki-laki 
남성복, Pakaian pria
낫다, Sembuh 
낭비, Pemborosan
낯설다, Asing / tidak familiar
낳다, Melahirkan
내내, Sepanjang waktu
내려다보다, Melihat ke bawah
내복, Pakaian dalam 
내부, Bagian dalam 
내성적, Pemalu 
내용물, Isi / konten 
내쫓다, Mengusir 
냇가, Sungai kecil 
냉방병, Masalah akibat AC berlebihan
너그럽다, Dermawan
너무나, Terlalu 
넉넉하다, Cukup 
널다, Mengangin-anginkan 
넓히다, Memperluas
넘기다, Menyerahkan 
넘어가다, Melanjutkan 
넘치다, Meluap 
네모나다, Berbentuk kotak
네트워크, Jaringan 
년대, Dekade 
노동, Buruh 
노동자, Pekerja 
노력, Usaha 
노선, Rute 
노인, Lansia 
노약자, Lansia dan penyandang disabilitas
노처녀, Perempuan tua yang belum menikah
노총각, Laki-laki tua yang belum menikah
노트북, Laptop
녹다, Mencair 
녹음, Rekaman suara
녹음기, Alat perekam suara 
논문, Makalah akademik 
놀랍다, Mengejutkan 
놀리다, Mengejek 
놀이, Permainan 
놀이터, Taman bermain
놈, Pria / orang (kasar)
농담, bercanda
농민, Petani
농부, Petani
농사, Pertanian
농약, Pestisida
농작물, Tanaman / hasil pertanian
농촌, Desa pertanian 
높이, ketinggian
높이다, Meningkatkan
높임말, Bahasa hormat 
놓이다, Diletakkan 
놓치다, Melewatkan 
눈길, Pandangan 
눈높이, Tingkat pemahaman 
눈병, Penyakit mata
눈보라, Badai salju
눈사태, Longsoran salju 
눈썹, Alis
눈치, Kecerdasan sosial 
눌러쓰다,  menutupi kepala
느긋하다, Santai 
느끼하다, Berminyak 
늘리다,  memperbanyak
늘어나다, Memanjang / bertambah
늘어서다, Berbaris 
늙다, Menjadi tua
늦추다, Menunda 
다가오다, Mendekat 
다녀가다, Berkunjung 
다람쥐, Tupai
다루다, Mengatur 
다림질, Menyetrika
다수, Banyak 
다양하다, Beragam 
다음날, Hari berikutnya
다정하다, Ramah 
다투다, Bertengkar 
다행, Keberuntungan 
다행히, beruntung
단계, Tahap 
단골, Pelanggan tetap
단기간, Jangka pendek
단단하다, Kuat 
단발머리, Rambut pendek 
단백질, Protein
단속, Pengaturan 
단순하다, Sederhana 
단순히, secara sederhana
단위, Satuan 
단정하다, Rapi 
단체, Kelompok 
단풍, Daun musim gugur 
달라지다, Berubah 
달려가다, Berlari menuju
달려오다, Berlari datang
달리, Selain itu 
달리기, berlari
달밤, Malam bulan
달아나다, Melarikan diri
달콤하다, Manis
닭갈비, Hidangan ayam ala Korea
담, Dinding 
담기다, Dimasukkan 
담다, Memasukkan 
담당, Bertanggung jawab 
담당자, Orang yang bertanggung jawab
담백하다, Murni / jujur
담뱃불, Api rokok 
담임, Guru wali kelas
답, Jawaban
답글, Balasan komentar
답답하다, Sesak 
답변, Jawaban 
당기다, Menarik
당분간, Sementara waktu 
당연하다, Wajar 
당연히, Tentu saja
당장, Segera 
당하다, Menjadi korban 
당황하다, Bingung 
대개, Kebanyakan 
대기업, Perusahaan besar
대다, Menyentuh 
대단하다, Hebat 
대단히, Sangat 
대도시, Kota besar
대량, Jumlah besar 
대리, Pengganti 
대문, Pintu 
대신, Menggantikan 
대여, Penyewaan
대여료, Biaya sewa
대접, Perlakuan 
대중, Publik 
대중교통, Transportasi umum
대중목욕탕, Pemandian umum
대책, Tindakan 
대청소, Bersih-bersih besar 
대체로, Umumnya 
대출, Pinjaman 
대통령, Presiden
대표, Perwakilan 
대표적, Bersifat representatif 
대형, Berukuran besar
댄스, Tarian 
더구나, Terlebih lagi 
더러워지다, Menjadi kotor
더욱, Lebih lagi 
더위, hawa panas
더하다, menjadi lebih 
덕, Berkat 
던지다, Melempar
덜, Kurang 
덜다, Mengurangi
데다, Terbakar 
데려오다, Membawa (seseorang)
데치다, Merebus sebentar 
도구, Alat 
도난, Pencurian
도대체, Sebenarnya 
도둑, Pencuri
도망가다, Melarikan diri
도서, Buku
도시락, Kotak makan 
도장, Stempel 
도전, Tantangan 
도중, Di tengah jalan
독, Racun
독감, Influenza 
독립, Kemerdekaan 
독방, sel isolasi
독신자, Lajang 
독특하다, Unik 
돌, Batu
돌다, Berputar 
돌려받다, Diterima kembali
돌려보내다, Mengembalikan
돌려주다, Mengembalikan 
돌리다, Memutar 
돌보다, Merawat 
돌솥, Panci batu
돌아서다, Berbalik 
돌잔치, Pesta ulang tahun pertama
동굴, Gua
동료, Rekan kerja 
동물원, Kebun binatang
동부, Bagian timur
동서양, Timur dan Barat
동시, Serentak 
동양화, Lukisan oriental
동영상, Video
동일하다, Sama 
동작, Gerakan 
동창, Teman seangkatan 
동창회, Pertemuan alumni
동해안, Pesisir timur
동호회, Klub 
되도록, Sebisa mungkin
되돌리다, Mengembalikan
되돌아보다,  mengenang
되살아나다, hidup lagi
두려움, Ketakutan
두려워하다, Takut 
두세, Dua atau tiga
두통, Sakit kepala
두통약, Obat sakit kepala
둔하다, Tumpul 
둘러보다, Melihat sekeliling
둥글다, Bulat 
뒤떨어지다, Tertinggal 
뒤집다, membalikkan
뒤풀이, Pesta setelah acara 
뒷모습, Tampak belakang 
뒷문, Pintu belakang
뒷이야기, Cerita di balik 
뒷자리, Kursi belakang
드디어, Akhirnya
드라이, Kering 
드림, Mimpi 
드물다, Jarang 
든든하다, dapat dipercaya
들려주다, memberi tahu
들르다, Singgah 
들리다, Terdengar
들어보다, Mencoba mendengarkan
들어주다, Mendengarkan 
들이다, Menghabiskan 
등록, Pendaftaran
등록금, Biaya pendaftaran 
등록증, Kartu pendaftaran 
등불, Lampu 
디스크, Cakram 
디자이너, desainer
디지털, Digital
따다, meraih 
따라다니다, Mengikuti 
따라서, Oleh karena itu 
따로따로, Terpisah 
따지다, mempersoalkan
딱, Tepat 
딱딱하다, keras
딴, Lain 
땅, Tanah
땅콩, Kacang tanah
때때로, Kadang-kadang
때로, Sekali-sekali
떠오르다, Mengapung 
떨다, Gemetar
떨리다, Bergetar 
떨어뜨리다, Menjatuhkan
떼다, Melepas 
또박또박, satu per satu
또한, Juga
똑같이, Sama persis
똑똑하다, Pintar / cerdas
뚜렷하다, Jelas / nyata
뚫다, melubangi
뚱뚱하다, Gemuk
뛰어가다, Berlari menuju
뛰어나다, Unggul 
뛰어내리다, Melompat turun
뛰어넘다, Melompati 
뛰어다니다, Berlari ke sana kemari
뛰어오다, Berlari datang
뛰쳐나가다, Berlari keluar
뜨거워지다, Menjadi panas
뜻밖에, Tak terduga
띠, Zodiak / sabuk / pita
램프, Lampu
레몬, Lemon
레포츠, Olahraga rekreasi
렌즈, Lensa
렌터카, Mobil sewaan
로또, Lotere
로봇, Robot
로비, Lobi
룸메이트, Teman sekamar
리듬, Irama 
리모컨, remote
마감일, deadline
마네킹, Manekin
마당, Halaman rumah
마디, Bagian 
땅콩, Kacang tanah
마라톤, Maraton
마련하다, mempersiapkan
마루, Lantai dalam rumah
마무리, kesimpulan
마술, Sihir / sulap
마스크, Masker
마약, Narkoba
마을, Desa
마음껏, Sebebasnya 
마음대로, Sesuai keinginan
마음먹다, Bertekad 
마음씨, Hati 
마주보다, Saling menatap
마주치다, berpapasan
마중, Menjemput
마찬가지, Sama 
마치, seolah
매콤하다, pedas manis
마침, kebetulan
매표소, loket tiket
마침내, akhirnya
맨발, kaki telanjang
마케팅, pemasaran
맨손, tangan kosong
마트, supermarket
맹인, orang buta
막, sembarangan
맺다, mengikat
막내, anak bungsu
머리카락, rambut
막다, menghalangi
머무르다, tinggal
막대기, tongkat
머지않다, tidak lama lagi
막차, kereta terakhir
먹을거리, makanan
만남, pertemuan
먹이, pakan
만년필, pena tinta
먹이다, memberi makan
만약, jika
먼지, debu
만족, kepuasan
멀리, jauh
만족감, rasa puas
멀티미디어실, ruang multimedia
만화책, buku komik
멈추다, berhenti
맏딸, anak perempuan sulung
멋지다, keren
맏아들, anak laki-laki sulung
멍, memar
말다툼, pertengkaran
메일, surel
말리다, menghentikan
멜로디, melodi
말투, cara bicara
멜론, melon
맛보다, mencicipi
며느리, menantu perempuan
망가뜨리다, merusak
면, sisi
망가지다, rusak
면세점, toko bebas bea
망설이다, ragu
면접, wawancara
망하다, gagal
면접관, pewawancara
맞벌이, keluarga dua penghasilan
면접시험, ujian wawancara
맞이, penyambutan
면허증, surat izin
맞추다, menyesuaikan
명랑, keceriaan
맡기다, menitipkan
명랑하다, ceria
맡다, mengambil alih
명사, kata benda
매년, setiap tahun
명소, tempat terkenal
매달, setiap bulan
명품, barang bermerek
매력, daya tarik
몇몇, beberapa
매력적, menarik
모국어, bahasa ibu
매연, asap
모기, nyamuk
매운탕, sup ikan pedas
모델, model
매점, kantin
모래, pasir
매진, habis terjual
모범생, murid teladan
매체, media
모습, penampilan
모음, huruf vokal
문명, peradaban
모자라다, kurang
문법, tata bahasa
모집, perekrutan
문병, menjenguk orang sakit
모험심, jiwa petualang
문서, dokumen
모형, model
문의, pertanyaan
목마르다, haus
문자, pesan singkat
목사, pendeta
문제점, masalah
목숨, nyawa
문학, sastra
목욕탕, pemandian umum
문화생활, kehidupan budaya
목적지, tujuan
문화유산, warisan budaya
목표, tujuan
문화적, bersifat budaya
몰라보다, tidak mengenali
묻히다, tertutup
몰래, diam-diam
물가, harga barang
몰려들다, berkumpul
물고기, ikan
몰리다, penuh sesak
물냉면, mie dingin
몸무게, berat badan
물다, menggigit
몸짓, gerakan tubuh
물러서다, mundur
몹시, sangat
물려주다, mewariskan
못생기다, jelek
물리다, digigit
무게, berat
물방울, tetes air
무관심, acuh tak acuh
물약, obat cair
무너지다, runtuh
물음, pertanyaan
무늬, pola
물질, zat
무대, panggung
물품, barang
무더위, panas terik
뮤지컬, musikal
무덤, makam
미끄러지다, tergelincir
무덥다, panas dan lembab
미끄럽다, licin
무렵, sekitar (waktu)
미루다, menunda
무사히, dengan selamat
미소, senyum
무서워하다, takut
미역, rumput laut
무선, nirkabel
미역국, sup rumput laut
무소식, tanpa kabar
미용사, penata rambut
무시, mengabaikan
미인, wanita cantik
무인, tanpa orang
미치다, gila
무조건, mutlak
미팅, kencan buta
무지개, pelangi
미혼, lajang
무통장 입금, transfer tanpa buku tabungan
민박, penginapan
묵다, menginap
민속, tradisi rakyat
묶다, mengikat
민속놀이, permainan tradisional
문구, alat tulis
민요, lagu rakyat
민족, suku bangsa
믿다, percaya
믿음, kepercayaan
믿음직스럽다, dapat dipercaya
믿음직하다, dapat diandalkan
밀다, mendorong
밀려오다, datang berbondong-bondong
밀리미터, milimeter
밉다, menjengkelkan
및, dan
밑줄, garis bawah
바가지, tempurung
바구니, keranjang
바깥, luar
바느질, menjahit
바늘, jarum
바닥, lantai
바닥나다, habis
바닷물, air laut
바둑, permainan baduk
바라보다, memandang
바보, orang bodoh
바위, batu
바이러스, virus
바퀴, roda
바탕, dasar
박사, doktor
박스, kotak
반가워하다, senang bertemu
반납, pengembalian
반납일, tanggal pengembalian
반대, berlawanan
반대말, kata berlawanan
반대쪽, sisi berlawanan
반드시, pasti
반말, bahasa tidak formal
반성, introspeksi
반응, reaksi
반짝반짝, berkilau
반짝이다, bersinar
반품, pengembalian barang
반하다, jatuh cinta
받아들이다, menerima
발걸음, langkah kaki
발견, penemuan
발급, penerbitan
발달, perkembangan
발레, balet
발명, penemuan
발목, pergelangan kaki
발생, kejadian
발자국, jejak kaki
발표자, pembicara
발표회, presentasi
밝히다, mengungkapkan
밟다, menginjak
밤새, semalaman
밤새우다, begadang
밥그릇, mangkuk nasi
밥맛, selera makan
밥상, meja makan
방금, baru saja
방문, kunjungan
방송사, stasiun penyiaran
방식, cara
방청객, penonton
방해, gangguan
방향, arah
밭, ladang
배경, latar belakang
배꼽, pusar
배낭, ransel
배낭여행, perjalanan dengan ransel
배려, perhatian
배우자, pasangan
반복, pengulangan
배추, sawi
배터리, baterai
뱀, ular
뱉다, meludah
버릇, kebiasaan
버릇없다, tidak sopan
버섯, jamur
버튼, tombol
번역, terjemahan
번호표, nomor antrean
벌금, denda
벌리다, membuka
벌집, sarang lebah
범위, jangkauan
범인, penjahat
범죄, kejahatan
법, hukum
법원, pengadilan
벗기다, melepas
벗어나다, keluar
베개, bantal
벨, bel
벨트, sabuk
벼, padi
벼락, petir
벼룩시장, pasar loak
벽걸이, gantungan dinding
벽돌, batu bata
변경, perubahan
변기, toilet
변명, alasan
변비, sembelit
변하다, berubah
변화, perubahan
별명, julukan
별일, hal istimewa
병문안, menjenguk orang sakit
보고, laporan
보고서, laporan tertulis
보고회, rapat laporan
보관, penyimpanan
보관실, ruang penyimpanan
보기, contoh
보너스, bonus
보람, kepuasan batin
보름, tanggal lima belas bulan kalender
보름달, bulan purnama
보물, harta karun
보살피다, merawat
보약, jamu
보증금, uang jaminan
보충, tambahan
보험, asuransi
보험금, uang asuransi
보험료, biaya asuransi
보호, perlindungan
복, keberuntungan
복권, lotre
복날, hari makan makanan bergizi
복도, lorong
복사, salinan
복사기, mesin fotokopi
복습, mengulang pelajaran
복통, sakit perut
본론, pokok pembahasan
본문, isi teks
볼거리, tontonan
볼륨, volume
볼링, boling
볼링장, arena boling
볼일, urusan
봉사, pelayanan
봉사자, relawan
부끄러워하다, merasa malu
부끄럽다, malu
부담, beban
부딪치다, menabrak
부딪히다, tertabrak
부러워하다, iri
부러지다, patah
부럽다, iri hati
부분, bagian
부사, kata keterangan
부상, cedera
부상자, korban luka
부서, departemen
부서지다, hancur
부자, orang kaya
부작용, efek samping
부잣집, keluarga kaya
부정적, bersifat negatif
부족, kekurangan
부주의, kecerobohan
부지런히, rajin
부채, kipas
부케, buket bunga
부피, volume
분량, jumlah
분리, pemisahan
분리수거, pemilahan sampah
분명하다, jelas
분명히, dengan jelas
분실, kehilangan
분실물, barang hilang
분홍색, warna pink
불가능, ketidakmungkinan
불가능하다, tidak mungkin
불경기, resesi
불교, agama Buddha
불규칙, ketidakteraturan
불꽃놀이, kembang api
불량, cacat
불만, ketidakpuasan
불면증, insomnia
불법, ilegal
불빛, cahaya
불쌍하다, kasihan
불안, kecemasan
불안감, rasa cemas
불어나다, bertambah
불친절, tidak ramah
불태우다, membakar
불편, ketidaknyamanan
불평, keluhan
불필요, tidak perlu
불행, kemalangan
붉다, merah
붐비다, ramai
붕어빵, kue ikan isi kacang merah
붙잡다, menangkap
붙잡히다, tertangkap
뷔페, prasmanan
브랜드, merek
브레이크, rem
블라인드, tirai
블로그, blog
비교, perbandingan
비교적, relatif
비닐, plastik
비다, kosong
비디오카메라, kamera video
비록, meskipun
비만, obesitas
비바람, badai
비비다, menggosok
비빔냉면, mi dingin pedas
비상약, obat darurat
비용, biaya
비우다, mengosongkan
비자, visa
비추다, memantulkan
비타민, vitamin
비하다, membandingkan
빗길, jalan basah
빚, utang
빛, cahaya
빠뜨리다, menjatuhkan
빠지다, tenggelam
빠짐없이, tanpa kecuali
빨개지다, memerah
빼앗기다, dirampas
빼앗다, merampas
뺨, pipi
뻔하다, jelas
뻗다, menjulur
뽑다, memilih
뿌리, akar
뿌리다, menyemprot
사건, peristiwa
사고방식, cara berpikir
사교적, ramah
사귀다, bergaul
사라지다, menghilang
사로잡다, menangkap
사막, gurun
사망, kematian
사망자, korban meninggal
사모님, nyonya
사무소, kantor
사생활, kehidupan pribadi
사슴, rusa
사실, fakta
사업, usaha
사용료, biaya penggunaan
사용법, cara penggunaan
사우나, sauna
사은품, hadiah apresiasi
사이버, daring
사이좋다, akur
사이트, situs web
사정, keadaan
사진관, studio foto
사진첩, album foto
사춘기, masa puber
사투리, dialek
사표, surat pengunduran diri
사회, masyarakat
사회생활, kehidupan sosial
사회자, pembawa acara
사회적, sosial
산꼭대기, puncak gunung
산더미, setumpuk
산부인과, kebidanan dan kandungan
산불, kebakaran hutan
산업, industri
산책로, jalur jalan kaki
살리다, menyelamatkan
살림, kehidupan rumah tangga
살아가다, hidup
살아나다, hidup kembali
살아남다, bertahan hidup
살아오다, hidup sampai sekarang
살인, pembunuhan
살짝, sedikit
살찌다, gemuk
살펴보다, mengamati
살피다, memeriksa
삶, kehidupan
삶다, merebus
삼겹살, daging perut babi panggang
삼일절, hari kemerdekaan Korea
삼키다, menelan
상, hadiah
상가, pertokoan
상관없다, tidak berhubungan
상관없이, tanpa memandang
상금, hadiah uang
상담, konseling
상담실, ruang konseling
상담원, konselor
상담자, penasihat
상당히, cukup
상대, lawan
상대방, pihak lawan
상대편, pihak lain
상상, imajinasi
상상력, daya imajinasi
상승, kenaikan
상식, pengetahuan umum
상업, perdagangan
상업적, komersial
상인, pedagang
상점, toko
상징, simbol
상쾌하다, terasa segar
상태, keadaan
상표, merek
상품권, voucher hadiah
상하다, rusak
상황, situasi
새다, fajar menyingsing
새롭다, baru
새어머니, ibu tiri
새우다, begadang
새치기, menyerobot antrean
새해, tahun baru
색다르다, unik
색상, warna
생각나다, teringat
생강차, teh jahe
생겨나다, muncul
생김새, penampilan
생략, penghapusan
생머리, rambut lurus
생명, kehidupan
생산, produksi
생생하다, segar
생중계, siaran langsung
생필품, kebutuhan pokok
생활비, biaya hidup
생활수준, taraf hidup
서너, tiga atau empat
서두르다, terburu-buru
서랍, laci
서론, pendahuluan
서명, tanda tangan
서부, wilayah barat
서빙, menyajikan
서서히, perlahan-lahan
서운하다, kecewa
서투르다, canggung
석사, gelar magister
석식, makan malam
석유, minyak bumi
석탄, batu bara
섞다, mencampur
선, garis
선글라스, kacamata hitam
선선하다, sejuk
선진국, negara maju
선착순, urutan kedatangan
설, teori
설득, bujukan
설마, masa sih
설명서, buku petunjuk
설문조사, survei
설문지, kuesioner
설사, mencret
섭섭하다, kecewa
성공, keberhasilan
성능, kinerja
성당, gereja Katolik
성명, pernyataan
성별, jenis kelamin
성실, rajin
성인, orang dewasa
성인병, penyakit orang dewasa
성적, nilai
성적표, rapor
성형, operasi plastik
세계적, berskala dunia
세금, pajak
세기, abad
세다, menghitung
세대, generasi
세련, berkelas
세면대, wastafel
세면도구, perlengkapan mandi
세미나, seminar
세배, tiga kali lipat
세뱃돈, uang tahun baru
세상, dunia
세월, waktu
세제, deterjen
세탁물, cucian
셔츠, kemeja
셔틀버스, bus antar-jemput
소감, kesan
소개팅, kencan buta
소규모, skala kecil
소극장, teater kecil
소극적, pasif
소나기, hujan deras singkat
소년, anak laki-laki
소득, pendapatan
소망, harapan
소매, lengan baju
소매치기, pencopetan
소문, rumor
소방관, petugas pemadam kebakaran
소방서, kantor pemadam kebakaran
소방차, mobil pemadam
소비, konsumsi
소비자, konsumen
소설책, novel
소수, minoritas
소스, saus
소심하다, penakut
소용, kegunaan
소용없다, tidak berguna
소원, permohonan
소음, kebisingan
소주, soju
소중하다, berharga
소중히, dengan hati-hati
소화, pencernaan
속다, tertipu
속담, peribahasa
속도, kecepatan
속도위반, pelanggaran kecepatan
속력, laju
속상하다, sedih
속옷, pakaian dalam
속이다, menipu
손바닥, telapak tangan
손발, tangan dan kaki
손쉽다, mudah
손자, cucu laki-laki
손잡이, pegangan
손질, merapikan
솔직하다, jujur
솔직히, dengan jujur
솜씨, keterampilan
송금, pengiriman uang
쇠, besi
쇠고기, daging sapi
쇼, pertunjukan
쇼핑몰, pusat perbelanjaan
쇼핑백, tas belanja
쇼핑센터, pusat belanja
수거, pengambilan
수고, jerih payah
수단, cara
수도꼭지, keran air
수량, jumlah
수료식, upacara kelulusan
수리, perbaikan
수리비, biaya perbaikan
수면, tidur
수면제, obat tidur
수명, umur
수산물, hasil laut
수상, perdana menteri
수선, perbaikan pakaian
수선하다, memperbaiki pakaian
수수료, biaya administrasi
수입, impor
수정, revisi
수준, tingkat
수집, koleksi
수출, ekspor
수표, cek
수학여행, karyawisata
숙녀복, pakaian wanita
숙박, penginapan
숙박비, biaya penginapan
숙소, akomodasi
숙이다, menunduk
순간, momen
순두부찌개, sup tahu sutra
술자리, tempat minum
술잔, gelas
술집, bar
숨기다, menyembunyikan
숨다, bersembunyi
숫자, angka
숲, hutan
스님, biksu
스스로, sendiri
스캐너, pemindai
스타일, gaya
스티커, stiker
스프, sup
스피커, pengeras suara
슬리퍼, sandal
슬픔, kesedihan
습기, kelembapan
습도, tingkat kelembapan
승강기, lift
승객, penumpang
승리, kemenangan
승용차, mobil penumpang
승진, promosi
승차, naik kendaraan
시각, penglihatan
시대, zaman
시도, percobaan
시력, penglihatan
시부모님, orang tua mertua
시아버지, ayah mertua
시어머니, ibu mertua
시인, penyair
시집, kumpulan puisi
시집가다, menikah (perempuan)
시청각실, ruang multimedia
시청자, penonton
시합, pertandingan
시험공부, belajar untuk ujian
식, metode
식구, anggota keluarga
식료품, bahan makanan
식물, tumbuhan
식물원, kebun raya
식비, biaya makan
식생활, pola makan
식습관, kebiasaan makan
식욕, nafsu makan
식용유, minyak goreng
식초, cuka
식품, makanan
식후, setelah makan
신고, laporan
신기다, memakaikan (sepatu)
신기술, teknologi baru
신기하다, menakjubkan
신나다, senang
신도시, kota baru
신랑, mempelai pria
신랑감, calon mempelai pria
신문사, perusahaan surat kabar
신문지, koran
신부, mempelai wanita
신분증, kartu identitas
신상품, barang baru
신선하다, segar
신세대, generasi baru
신용, kredit
신입생, mahasiswa baru
신제품, produk baru
신청자, pemohon
신체, tubuh
신형, model baru
신호, sinyal
신혼, baru menikah
신혼부부, pasangan pengantin baru
신혼여행, bulan madu
싣다, memuat
실, benang
실내, dalam ruangan
실력, kemampuan
실망, kekecewaan
실시, pelaksanaan
실용적, praktis
실은, sebenarnya
실제, sebenarnya
실제, nyata
실종, hilang
실종자, orang hilang
실천, praktik
실컷, sepuasnya
실크, sutra
실패, kegagalan
실험, percobaan
실험실, laboratorium
싫증, bosan
심각하다, serius
심다, menanam
심리학, psikologi
심리학자, psikolog
심부름, tugas
심심하다, bosan
심장, jantung
심장병, penyakit jantung
싱싱하다, segar
싱크대, wastafel
안개, kabut
안과, oftalmologi
싸구려, murah
싸움, perkelahian
쌀쌀하다, dingin
쌍둥이, kembar
안되다, gagal
안방, kamar utama
안부, kabar
안색, warna wajah
안심, lega
안약, obat tetes mata
안주, makanan pendamping minum
안쪽, bagian dalam
안타깝다, disayangkan
앉히다, menempatkan duduk
알, telur
알레르기, alergi
알아듣다, mengerti
알아보다, mengenali
알아주다, menghargai
알약, pil
알코올, alkohol
암, kanker
앞날, masa depan
앞두다, menghadapi
앞뒤, depan dan belakang
앞머리, poni
애기, bayi
애완견, anjing peliharaan
애완동물, hewan peliharaan
애인, kekasih
애정, kasih sayang
애프터서비스, layanan purna jual
액자, bingkai foto
앨범, album
야간, malam hari
야경, pemandangan malam
야근, lembur
야단맞다, dimarahi
야단치다, menegur
야외, di luar ruangan
야유회, piknik
약하다, lemah
약혼, pertunangan
약혼자, tunangan
얌전하다, sopan
양로원, panti jompo
양반, bangsawan
양보, mengalah
양쪽, kedua sisi
얘, orang ini
어기다, melanggar
어느새, tanpa disadari
어떠하다, bagaimana
어떡하다, bagaimana
어려움, kesulitan
어린아이, anak kecil
어린이날, Hari Anak
어버이날, Hari Orang Tua
어색하다, canggung
어쨌든, bagaimanapun
어쩌다가, kebetulan
어쩌면, mungkin
어쩐지, entah mengapa
어차피, bagaimanapun
어학, bahasa
어학연수, kursus bahasa
어휘, kosakata
억, milyar
억양, intonasi
억지로, paksa
언론, media massa
언론인, jurnalis
언어, bahasa
언젠가, suatu saat
얻다, memperoleh
얻어먹다, diberi makan
얼다, membeku
얼룩, noda
얼른, cepat
엄격하다, tegas
엄청나다, luar biasa
업무, pekerjaan
없애다, menghapus
엉덩이, pantat
엉뚱하다, aneh
엉망, berantakan
엊그제, beberapa hari yang lalu
에너지, energi
에이즈, AIDS
엔진, mesin
엠티, latihan keanggotaan
여가, waktu luang
여고생, siswi SMA
여관, hotel
여드름, jerawat
여럿, banyak
여름날, hari musim panas
여성, perempuan
여성복, pakaian wanita
영양, nutrisi
영양가, nilai gizi
영양분, zat gizi
영양소, nutrien
영양제, suplemen
여유, sisa waktu
여전히, tetap
여쭈다, bertanya sopan
여행비, biaya perjalanan
여행자, wisatawan
여행지, tempat tujuan wisata
역사적, historis
역시, memang
역할, peran
영화감독, sutradara film
영화제, festival film
연구, penelitian
옆집, rumah sebelah
연구소, lembaga penelitian
연구실, laboratorium penelitian
연장, perpanjangan
연주, pertunjukan musik
연주회, konser
연하, lebih muda
연하다, lembut
연회비, iuran tahunan
열대야, malam yang sangat panas
열람실, ruang baca
열흘, sepuluh hari
염색, pewarnaan
엿, permen tradisional
영수증, struk pembayaran
예금, setoran
예매, reservasi
예방, pencegahan
예보, ramalan
예상, perkiraan
예술, seni
예습, persiapan pelajaran
예식장, gedung pernikahan
예의, sopan santun
예절, etika
예정, rencana
예측, prediksi
연애, percintaan
연애결혼, pernikahan karena cinta
연인, pasangan
옛, kuno
옛말, kata lama
오가다, bolak-balik
오늘날, saat ini
오락, hiburan
오래되다, sudah lama
오랜, lama
오르내리다, naik turun
오른손, tangan kanan
오리엔테이션, orientasi
오염, polusi
오토바이, sepeda motor
오페라, opera
오피스텔, apartel
오해, kesalahpahaman
오히려, justru
온, seluruh
온갖, berbagai macam
온도, suhu
온돌, pemanas tradisional Korea
온돌방, ruangan dengan ondol
온라인, daring
온몸, seluruh tubuh
온천, pemandian air panas
온천욕, mandi di pemandian air panas
온통, sepenuhnya
올리다, menaikkan / memposting
올림픽, Olimpiade
올바르다, benar
옳다, tepat
옷차림, pakaian
와인, anggur
완성, penyelesaian
완전히, sepenuhnya
왕, raja
왕복, pulang-pergi
왕비, ratu
왠지, entah mengapa
외가, pihak ibu
외과, bedah
외교관, diplomat
외동딸, anak tunggal perempuan
외동아들, anak tunggal laki-laki
외래어, kata serapan
외로움, kesepian
외모, penampilan
외식, makan di luar
외아들, anak tunggal
외우다, menghafal
외치다, berteriak
요가, yoga
요구, permintaan
요구르트, yogurt
요리법, resep
요리사, koki
요새, akhir-akhir ini
요약, ringkasan
요청, permintaan
욕, kata kasar
욕실, kamar mandi
욕심, keserakahan
욕심쟁이, orang serakah
용, naga
용기, keberanian
용돈, uang saku
용서, pengampunan
우등상, penghargaan kehormatan
우리말, bahasa Korea
우물, sumur
우수성, keunggulan
우승, kemenangan
우아하다, anggun
우연, kebetulan
우연히, secara kebetulan
우울증, depresi
우울하다, sedih
우정, persahabatan
우주, ruang angkasa
우주여행, perjalanan luar angkasa
우편, pos
우편물, surat pos
우편배달, pengiriman pos
운, keberuntungan
운명, takdir
운전기사, sopir
운전면허, SIM
운전자, pengemudi
울보, pemalu / penangis
울음, tangisan
웃어른, orang tua / senior
웃음, tawa
워낙, sangat
원고, naskah
원래, awalnya
원룸, studio apartemen
원서, formulir pendaftaran
원숭이, monyet
원인, penyebab
월말, akhir bulan
위대하다, hebat
위로, penghiburan
위반, pelanggaran
윗사람, atasan / senior
유난히, luar biasa
유니폼, seragam
유람선, kapal pesiar
유료, berbayar
유머, humor
유명, terkenal
유적지, situs bersejarah
유창하다, lancar
유치원, taman kanak-kanak
유쾌하다, menyenangkan / ceria
이국적, eksotis
이다, adalah
이기다, menang
이기적, egois
이끌다, memimpin / menarik
이내, segera
이따, nanti
이때, saat ini
이러하다, seperti ini
이런저런, berbagai macam
이루다, mencapai / menyelesaikan
이루어지다, terwujud / tersusun
이름나다, menjadi terkenal
인상적, mengesankan
인생, hidup
인쇄, mencetak
인쇄물, bahan cetakan
인스턴트, instan
인원, jumlah orang
인정받다, diakui
인출기, ATM
인턴사원, magang
인하다, disebabkan oleh
일기장, buku harian
일단, pertama-tama
일등, juara pertama
일반, umum
일반인, orang biasa
일반적, bersifat umum
일부, sebagian
일부러, dengan sengaja
일상, kehidupan sehari-hari
일상적, sehari-hari
일생, seumur hidup
일시, sementara
일시불, pembayaran sekaligus
일으키다, membangkitkan / menegakkan
일자리, tempat kerja
일정, jadwal
일정하다, tetap / seragam
일출, matahari terbit
일회용품, barang sekali pakai
읽히다, dibaca
임산부, wanita hamil
임시, sementara
임신, kehamilan
입금, setoran
입맛, selera makan
입술, bibir
입시, ujian masuk
입장, masuk / posisi
입장권, tiket masuk
입장료, biaya masuk
입학시험, ujian masuk
입히다, memakaikan
잇다, menyambung / meneruskan
잎, daun
자격, kualifikasi
자격증, sertifikat / lisensi
자극적, provokatif
자꾸, terus-menerus
자녀, anak
자동, otomatis
자라다, tumbuh
자랑, membanggakan
자료실, ruang referensi
자막, teks terjemahan / subtitle
자매, saudara perempuan
자살, bunuh diri
자세하다, rinci
자세히, secara rinci
자식, anak
자신감, percaya diri
자연적, bersifat alami
자외선, sinar ultraviolet
자원, sumber daya
자음, konsonan
자존심, harga diri
자취, hidup sendiri
자판기, mesin penjual otomatis
작가, penulis
작곡, mencipta musik
작문, menulis karangan
작사, menulis lirik
작아지다, menjadi kecil
작업, pekerjaan / operasi
작품, karya
잔돈, uang kecil
잔디, rumput
잔디밭, lapangan rumput
잔뜩, penuh
잔소리, omelan
잔액, saldo
잠그다, mengunci
잠기다, terkunci / terendam
잠들다, tertidur
잠옷, piyama
잠자리, capung
잡수다, makan (kehormatan)
잡아먹다, memangsa / memakan
잡채, Japchae
잡히다, tertangkap
장가, menikah (untuk laki-laki)
장가가다, menikah (untuk laki-laki)
장기적, bersifat jangka panjang
장난, nakal / bercanda
장난감, mainan
장난꾸러기, anak nakal
장남, anak sulung laki-laki
장녀, anak sulung perempuan
장단점, kelebihan dan kekurangan
장래, masa depan
장례식, pemakaman
장례식장, rumah duka
장바구니, keranjang belanja
장사, bisnis
장애, disabilitas
장애인, penyandang disabilitas
장학, beasiswa
장학금, uang beasiswa
재발급, penerbitan ulang
재산, kekayaan / harta
재작년, dua tahun lalu
재주, bakat / keterampilan
재즈, jazz
재테크, teknik investasi
재학, status mahasiswa aktif
재해, bencana
재혼, menikah lagi
재활용, daur ulang
재활용품, barang daur ulang
쟤, orang itu
전체, keseluruhan
전체적, bersifat keseluruhan
전통, tradisi
전통문화, budaya tradisional
전통적, bersifat tradisional
전화벨, bel telepon
절대로, sama sekali
절반, setengah
절약, hemat
젊은이, pemuda
젊음, masa muda
점잖다, sopan / berbudi
점점, perlahan-lahan
점차, secara bertahap
접다, melipat / berhenti
접수, penerimaan
접하다, bertemu / berhubungan
정, kasih sayang
정기적, secara teratur
정답, jawaban benar
정말로, sungguh
정상, normal
정상적, bersifat normal
정성, ketulusan / pengabdian
정성껏, dengan sepenuh hati
정신, pikiran / kesadaran
정신없다, bingung / tidak fokus
정신없이, dengan sibuk / tergesa-gesa
정신적, bersifat mental
정의, keadilan
정장, pakaian resmi
정전, mati listrik
정지, berhenti
정직하다, jujur
정차, berhenti (kendaraan)
정체, identitas
정치, politik
정치가, politisi
정치인, politikus
정치학, ilmu politik
정확하다, akurat
정확히, dengan akurat
젖다, basah / terkena air
제도, sistem
제때, tepat waktu
제발, tolong
제비, burung layang-layang
제안, saran
제자리, tempat semula
제작, produksi
제품, produk
제한, batasan
조건, kondisi
조개, kerang
조교, asisten
조깅, jogging
조르다, mendesak / memelas
조리, memasak
조리법, resep
조상, nenek moyang
조심, hati-hati
조절, penyesuaian
존경, rasa hormat
주거, tempat tinggal
주고받다, saling bertukar
주관, opini / pendapat
주방, dapur
주식회사, perusahaan
주어지다, diberikan
주유소, pom bensin
주의, hati-hati
주인공, tokoh utama
주장, pernyataan / kapten
주제, tema / topik
주택, rumah
주택가, daerah perumahan
죽음, kematian
죽이다, membunuh
준비물, barang bawaan
줄거리, alur cerita
줄무늬, motif garis-garis
줄어들다, berkurang
줄이다, mengecilkan / mengurangi
줍다, mengambil
중간, tengah
중개소, agen
중고, bekas / second-hand
중고차, mobil bekas
중급, menengah
중단, penghentian
중부, bagian tengah
중소기업, usaha kecil dan menengah
중심지, pusat / ibukota
중앙, bagian tengah
진하다, pekat / gelap
진학, masuk sekolah lebih tinggi
진통제, obat penghilang rasa sakit
진짜, benar-benar
진찰, pemeriksaan medis
진심, ketulusan
진실, kebenaran
진행, kemajuan
진행자, pembawa acara
질병, penyakit
질서, tertib
질투, cemburu
질환, penyakit
짐승, binatang buas
지겹다, bosan / jenuh
지구, bumi
지나가다, lewat / berlalu
지나치다, berlebihan / ekstrem
지루하다, membosankan
지붕, atap
지식, pengetahuan
지역, wilayah
지옥, neraka
지우다, menghapus
지원, dukungan
지원자, pelamar / pendukung
지위, status
지저분하다, berantakan / kotor
지점, cabang / titik
지진, gempa bumi
지출, pengeluaran
지치다, lelah / kehabisan tenaga
지켜보다, mengawasi / memperhatikan
지퍼, resleting
지휘자, konduktor
직선, garis lurus
직장인, pekerja
직접적, bersifat langsung
직진, lurus terus
직후, segera setelah
진하다, pekat / kuat
즐거움, kesenangan
즉, yaitu / artinya
증가, peningkatan
증명서, sertifikat
증상, gejala
질병, penyakit
질서, tertib
질투, cemburu
질환, penyakit
짐승, binatang buas
집값, harga rumah
집다, mengambil / menjepit
집들이, pesta rumah baru
집세, sewa rumah
집안, keluarga
집안일, pekerjaan rumah
집주인, pemilik rumah
집중, konsentrasi
집중력, daya konsentrasi
쭉, terus-menerus
짜증, jengkel / kesal
짝, pasangan
짝사랑, cinta satu sisi
짝수, angka genap
쫓기다, dikejar
쫓다, mengejar
쫓아내다, mengusir
쫓아다니다, mengejar-kejar
찌다, gemuk / mengukus
찜질, kompres / sauna
찜통더위, panas lembap ekstrem
찢다, merobek
찢어지다, robek / terkoyak
차라리, lebih baik / sebaiknya
차례, giliran / urutan
차분하다, tenang / kalem
차이, perbedaan
차이점, perbedaan
착각, salah paham
찬물, air dingin
찬성, setuju
참가, partisipasi
참고, referensi
참기름, minyak wijen
참다, menahan / sabar
참석, kehadiran
참여, partisipasi
참치, tuna
찻집, kafe / kedai teh
창, jendela
초기, awal / permulaan
초대장, undangan
초보자, pemula
초청장, undangan
찾아내다, menemukan
찾아다니다, mencari ke sana kemari
찾아보다, melihat / mencari
총, senjata
총무과, bagian urusan umum
촬영장, lokasi syuting / studio
촬영지, lokasi syuting
채널, saluran
채식, makan vegetarian
채식주의자, orang vegetarian
채용, perekrutan
채우다, mengisi / memuaskan
채팅, chat online
최선, yang terbaik
최신, terbaru
최저, terendah
처녀, perawan
최종, terakhir / final
처리, pengolahan
처방, resep
처방전, resep obat
추가, penambahan
천국, surga
천사, malaikat
천장, langit-langit
천재, jenius / bencana alam
추천, rekomendasi
추천서, surat rekomendasi
추첨, undian
추측, dugaan / perkiraan
첫날, hari pertama
첫눈, salju pertama
첫사랑, cinta pertama
출국, keberangkatan keluar negeri
출근길, perjalanan ke tempat kerja
출력, cetak / output
첫인상, kesan pertama
출산, melahirkan
출산율, tingkat kelahiran
출생, kelahiran
출석, kehadiran
출신, asal
출입, akses
출입국, imigrasi
출퇴근, pergi-pulang kerja
출판사, penerbit
충격, guncangan
충고, nasihat
충돌, tabrakan
충분하다, cukup
충분히, cukup
취업, mendapat pekerjaan
취업난, krisis pekerjaan
취침, tidur
취하다, mabuk
측, sisi
치료제, obat
치수, ukuran
치우다, merapikan
치즈, keju
친어머니, ibu kandung
친환경, ramah lingkungan
침, air liur
침실, kamar tidur
칭찬, pujian
카네이션, anyelir
카세트, kaset
카센터, bengkel mobil
카페인, kafein
카펫, karpet
칸, kolom
칼국수, mie gandum Korea
캄캄하다, gelap gulita
캠퍼스, kampus
캠프, perkemahan
커다랗다, sangat besar
커지다, membesar
커튼, tirai
커플, pasangan
컴퓨터실, ruang komputer
켜지다, menyala
코끼리, gajah
코너, sudut
코미디, komedi
코미디언, pelawak
콘서트, konser
콘센트, stopkontak
콩나물, kecambah
퀴즈, kuis
큰길, jalan utama
큰돈, uang banyak
큰소리, suara keras
큰일, urusan penting
클래식, musik klasik
클릭, klik
키우다, membesarkan
타입, tipe
탈, topeng
탈의실, ruang ganti
탈춤, tari topeng
탑승구, gerbang keberangkatan
탕, sup
태도, sikap
태양, matahari
태양열, panas matahari
태우다, membakar
택배, pengiriman
택배비, ongkos kirim
터지다, meledak
털다, mengebaskan
테이프, pita
텐트, tenda
토끼, kelinci
토론, diskusi
토하다, muntah
통계, statistik
통신, komunikasi
통역, penerjemahan lisan
통일, penyatuan
통증, nyeri
통지서, pemberitahuan
통화, panggilan telepon
퇴근길, perjalanan pulang kerja
퇴원, keluar dari rumah sakit
퇴직, pensiun
투표, pemungutan suara
튀기다, menggoreng
트럭, truk
특기, keahlian
특별, khusus
특별하다, istimewa
특산물, produk khas
튼튼하다, kuat
틀림없다, pasti benar
틀림없이, pasti
틈, celah
티켓, tiket
팀장, ketua tim
파다, menggali
파마, rambut keriting
파일, berkas
파전, pancake Korea
판매, penjualan
판매자, penjual
팥빙수, es serut kacang merah
패션쇼, peragaan busana
패스트푸드, makanan cepat saji
팩스, faks
팬, penggemar
퍼지다, menyebar
편리, kenyamanan
편식, makan tidak seimbang
편안하다, nyaman
편의점, toko serba ada
편히, dengan nyaman
펼치다, membuka
평가, penilaian
평균, rata-rata
평등, kesetaraan
평범하다, biasa
평생, seumur hidup
평소, keseharian
평화, kedamaian
포근하다, hangat
포기, menyerah
포도주, anggur
포인트, poin
포장지, kertas pembungkus
폭발, ledakan
폭설, salju lebat
폭식, makan berlebihan
폭우, hujan deras
폭포, air terjun
표시, tanda
표정, ekspresi wajah
표지판, papan petunjuk
푸르다, biru
풀리다, terurai
풀이, penjelasan
품질, kualitas
풍경, pemandangan
풍부하다, melimpah
풍선, balon
프라이팬, wajan
프로그래머, pemrogram
프린터, printer
플라스틱, plastik
플러그, colokan listrik
피로, kelelahan
피부, kulit
피부과, dokter kulit
피부병, penyakit kulit
피서, liburan musim panas
피아니스트, pianis
피하다, menghindar
피해, kerugian
피해자, korban
필수, keharusan
필수품, kebutuhan pokok
필요성, kebutuhan
핑계, alasan
하도, terlalu/ berlebihan
하루빨리, secepatnya
하루하루, hari demi hari
하룻밤, satu malam
하마터면, hampir saja
하품, menguap
학과, jurusan
학력, latar belakang pendidikan
학문, bidang akademik
학비, biaya kuliah
학습, pembelajaran
학자, sarjana
학점, nilai, kredit
한가하다, senggang
한국학, studi Korea
한글날, hari Hangul
한꺼번에, sekaligus
한낮, siang hari
한눈, sekilas
한동안, untuk sementara
한두, satu dua
한마디, sepatah kata
한순간, sesaat
한숨, desahan napas
한약, obat tradisional Korea
한옥, rumah tradisional Korea
한우, daging sapi Korea
한의사, tabib Korea
한정식, set menu Korea
한지, kertas tradisional Korea
한참, cukup lama
한창, sedang puncaknya
한편, di sisi lain
할부, cicilan bulanan
할인점, toko diskon
함부로, sembarangan
합격자, orang yang lulus
합치다, menyatukan
합하다, menambahkan
항공, penerbangan
항공권, tiket pesawat
항공기, pesawat terbang
항공료, ongkos pesawat
항공사, maskapai
항공편, jadwal penerbangan
해결, penyelesaian
해결책, solusi
해고, pemecatan
해내다, berhasil
해돋이, matahari terbit
해롭다, berbahaya
해마다, setiap tahun
해물, makanan laut
해보다, mencoba
해산물, hasil laut
해소, penyelesaian
해소법, cara mengatasi
해수욕, berenang di laut
해수욕장, pantai
해열제, obat penurun panas
핸드백, tas tangan
햇곡식, hasil panen baru
햇볕, sinar matahari
행동, perilaku
행사장, tempat acara
행운, keberuntungan
향, aroma
향기, wangi
향수, parfum, nostalgia
향하다, mengarah
허락, izin
허리띠, ikat pinggang
험하다, kasar
헤매다, tersesat
헤어스타일, gaya rambut
헤어지다, berpisah
헤엄치다, berenang
헬멧, helm
헬스클럽, pusat kebugaran
현관, pintu masuk
현관문, pintu depan
현대, masa kini
현대식, bergaya modern
현대인, orang modern
현대적, bersifat modern
현모양처, ibu yang bijak
현실, kenyataan
현실적, realistis
현장, lokasi
형용사, kata sifat
형태, bentuk
형편, keadaan
혜택, manfaat
호감, kesan baik
호기심, rasa ingin tahu
호수, danau
호칭, sebutan
혹시, mungkin
혹은, atau
혼나다, dimarahi
혼내다, memarahi
혼잡, kekacauan
홀수, bilangan ganjil
홍보, promosi
홍보물, materi promosi
홍수, banjir
화려하다, megah
화면, layar
화물, kargo
화분, pot bunga
화산, gunung berapi
화상, luka bakar
화장지, tisu toilet
화재, kebakaran
화창하다, cerah
화해, rekonsiliasi
확실하다, pasti
환경, lingkungan
환기, ventilasi
환불, pengembalian uang
환상적, fantastis
환송회, pesta perpisahan
환영회, pesta penyambutan
환율, nilai tukar
환전, penukaran uang
환절기, pergantian musim
활동, aktivitas
활동적, aktif
활발하다, giat
활용, pemanfaatan
활짝, sepenuhnya mekar
황당하다, tidak masuk akal
황사, debu kuning
회, kali
회갑, ulang tahun ke-60
회복, pemulihan
회비, iuran
회식, makan bersama
회원, anggota
회의장, ruang rapat
회장, ketua
횟수, jumlah kali
효과, efek
효과적, efektif
효녀, anak perempuan berbakti
효율적, efisien
후문, pintu belakang
후반, paruh akhir
후반전, babak kedua
후보, calon
후식, hidangan penutup
후회, penyesalan
훈련, pelatihan
훌륭하다, hebat
훔치다, mencuri
훨씬, jauh lebih
휘발유, bensin
휴가철, musim liburan
휴게실, ruang istirahat
휴대, portabel
휴대폰, ponsel
휴식, istirahat
휴양지, tempat peristirahatan, resort
휴학, cuti kuliah
흐르다, mengalir
흔들다, menggoyang
흔들리다, bergoyang, bergetar
흔하다, umum, sering terjadi
흔히, sering, umumnya
흘리다, menumpahkan, meneteskan
흙, tanah
흡연, merokok
흥미, minat, ketertarikan
흥분, kegembiraan, emosi
희다, berwarna putih
희망, harapan
희망자, pemohon, orang yang berharap
희생자, korban
힘껏, sekuat tenaga
